variavel,correlacao,correlacao_abs
Q_40100000,0.8712275085480436,0.8712275085480436
Q_40050000,0.8556245467833941,0.8556245467833941
Q_40330000,0.8336868637075077,0.8336868637075077
Q_40060001,0.7966048676343315,0.7966048676343315
Q_40850000,0.7943588880042943,0.7943588880042943
Q_40800001,0.7751784797363837,0.7751784797363837
Q_40930000,0.7717981608480963,0.7717981608480963
Q_40185000,0.7551950508374339,0.7551950508374339
Q_40032000,0.7189865130529798,0.7189865130529798
P_1945002,0.38421033609465294,0.38421033609465294
P_1944063,0.3618174464572972,0.3618174464572972
P_1944059,0.3561992378338891,0.3561992378338891
P_2046013,0.3476779456574306,0.3476779456574306
P_2044024,0.34532685379696726,0.34532685379696726
P_2044016,0.33804744865504743,0.33804744865504743
P_2045002,0.33608174948546715,0.33608174948546715
P_1945008,0.335172190751368,0.335172190751368
P_2044008,0.3327087781576649,0.3327087781576649
P_1946000,0.32532382402456955,0.32532382402456955
P_2044042,0.3186241430889395,0.3186241430889395
