Variable,Start_index,End_index,Donor_interval_anchor_year,N_dates_in_dataset,N_observed_days,Mean_of_available_days,Gap_ID
Q_Afluente,116,130,2001,15,15,481.0,G0002
Q_Afluente,116,130,2002,15,15,1220.7693333333332,G0002
Q_Afluente,116,130,2003,15,15,1655.0733333333335,G0002
Q_Afluente,116,130,2004,15,15,955.498,G0002
Q_Afluente,116,130,2005,15,15,1841.3893333333335,G0002
Q_Afluente,116,130,2006,15,15,605.2433333333335,G0002
Q_Afluente,116,130,2007,15,15,3235.599333333334,G0002
Q_Afluente,116,130,2008,15,15,2495.4359999999997,G0002
Q_Afluente,116,130,2009,15,15,2250.208,G0002
Q_Afluente,116,130,2010,15,15,532.1773333333334,G0002
Q_Afluente,116,130,2011,15,15,681.7366666666668,G0002
Q_Afluente,116,130,2012,15,15,1705.5133333333333,G0002
Q_Afluente,116,130,2013,15,15,1474.974,G0002
Q_Afluente,116,130,2014,15,15,206.69799999999998,G0002
Q_Afluente,116,130,2015,15,15,322.8813333333334,G0002
Q_Afluente,116,130,2016,15,15,1153.904,G0002
Q_Afluente,116,130,2017,15,15,418.264,G0002
Q_Afluente,116,130,2018,15,15,471.488,G0002
Q_Afluente,116,130,2019,15,15,251.32333333333332,G0002
Q_Afluente,116,130,2020,15,15,1935.1260000000002,G0002
Q_Afluente,116,130,2021,15,15,415.4493333333333,G0002
Q_Afluente,1062,1091,2000,30,30,223.7,G0015
Q_Afluente,1062,1091,2001,30,30,110.56666666666666,G0015
Q_Afluente,1062,1091,2003,30,30,147.58833333333334,G0015
Q_Afluente,1062,1091,2004,30,30,186.24866666666668,G0015
Q_Afluente,1062,1091,2005,30,30,215.5103333333333,G0015
Q_Afluente,1062,1091,2006,30,30,192.62366666666665,G0015
Q_Afluente,1062,1091,2007,30,30,158.332,G0015
Q_Afluente,1062,1091,2008,30,30,207.07000000000002,G0015
Q_Afluente,1062,1091,2009,30,30,299.507,G0015
Q_Afluente,1062,1091,2010,30,30,84.06199999999998,G0015
Q_Afluente,1062,1091,2011,30,30,152.619,G0015
Q_Afluente,1062,1091,2012,30,30,160.5896666666667,G0015
Q_Afluente,1062,1091,2013,30,30,106.41100000000002,G0015
Q_Afluente,1062,1091,2014,30,30,35.59066666666668,G0015
Q_Afluente,1062,1091,2015,30,30,93.74666666666667,G0015
Q_Afluente,1062,1091,2016,30,30,36.023666666666664,G0015
Q_Afluente,1062,1091,2017,30,30,8.091333333333333,G0015
Q_Afluente,1062,1091,2018,30,30,41.00233333333334,G0015
Q_Afluente,1062,1091,2019,30,30,54.808,G0015
Q_Afluente,1062,1091,2020,30,30,103.57866666666665,G0015
Q_Afluente,1062,1091,2021,30,30,44.12199999999999,G0015
Q_Afluente,2264,2270,1999,7,7,944.1428571428571,G0038
Q_Afluente,2264,2270,2000,7,7,824.7142857142857,G0038
Q_Afluente,2264,2270,2001,7,7,398.42857142857144,G0038
Q_Afluente,2264,2270,2002,7,7,1448.55,G0038
Q_Afluente,2264,2270,2003,7,7,543.6828571428572,G0038
Q_Afluente,2264,2270,2004,7,7,765.4257142857143,G0038
Q_Afluente,2264,2270,2006,7,7,3544.1142857142854,G0038
Q_Afluente,2264,2270,2007,7,7,526.87,G0038
Q_Afluente,2264,2270,2008,7,7,641.2142857142857,G0038
Q_Afluente,2264,2270,2009,7,7,966.0400000000001,G0038
Q_Afluente,2264,2270,2010,7,7,875.0,G0038
Q_Afluente,2264,2270,2011,7,7,1787.5571428571432,G0038
Q_Afluente,2264,2270,2012,7,7,316.24000000000007,G0038
Q_Afluente,2264,2270,2013,7,7,1095.5114285714285,G0038
Q_Afluente,2264,2270,2014,7,7,458.17999999999995,G0038
Q_Afluente,2264,2270,2015,7,7,477.9814285714286,G0038
Q_Afluente,2264,2270,2016,7,7,1061.5128571428572,G0038
Q_Afluente,2264,2270,2017,7,7,613.34,G0038
Q_Afluente,2264,2270,2018,7,7,550.907142857143,G0038
Q_Afluente,2264,2270,2019,7,7,1006.4514285714286,G0038
Q_Afluente,2264,2270,2020,7,7,672.9957142857144,G0038
Q_Afluente,4468,4497,1999,30,30,1004.6,G0077
Q_Afluente,4468,4497,2000,30,30,788.6333333333333,G0077
Q_Afluente,4468,4497,2001,30,30,1364.5666666666666,G0077
Q_Afluente,4468,4497,2002,30,30,1421.1866666666663,G0077
Q_Afluente,4468,4497,2003,30,30,1194.1976666666667,G0077
Q_Afluente,4468,4497,2004,30,30,1776.9323333333339,G0077
Q_Afluente,4468,4497,2005,30,30,881.797,G0077
Q_Afluente,4468,4497,2006,30,30,2838.390333333334,G0077
Q_Afluente,4468,4497,2007,30,30,687.2143333333333,G0077
Q_Afluente,4468,4497,2008,30,30,2102.4283333333337,G0077
Q_Afluente,4468,4497,2009,30,30,904.4256666666666,G0077
Q_Afluente,4468,4497,2010,30,30,1832.227666666667,G0077
Q_Afluente,4468,4497,2012,30,30,452.83799999999997,G0077
Q_Afluente,4468,4497,2013,30,30,492.1333333333333,G0077
Q_Afluente,4468,4497,2014,30,30,166.83166666666662,G0077
Q_Afluente,4468,4497,2015,30,30,777.4996666666667,G0077
Q_Afluente,4468,4497,2016,30,30,375.28366666666665,G0077
Q_Afluente,4468,4497,2017,30,30,545.1299999999999,G0077
Q_Afluente,4468,4497,2018,30,30,519.091,G0077
Q_Afluente,4468,4497,2019,30,30,622.843,G0077
Q_Afluente,4468,4497,2020,30,30,881.288,G0077
Q_Afluente,4968,4974,2000,7,7,405.0,G0082
Q_Afluente,4968,4974,2001,7,7,111.0,G0082
Q_Afluente,4968,4974,2002,7,7,300.04714285714283,G0082
Q_Afluente,4968,4974,2003,7,7,333.95428571428573,G0082
Q_Afluente,4968,4974,2004,7,7,454.11857142857144,G0082
Q_Afluente,4968,4974,2005,7,7,436.69428571428574,G0082
Q_Afluente,4968,4974,2006,7,7,380.69428571428574,G0082
Q_Afluente,4968,4974,2007,7,7,358.2471428571429,G0082
Q_Afluente,4968,4974,2008,7,7,497.0685714285714,G0082
Q_Afluente,4968,4974,2009,7,7,662.8571428571429,G0082
Q_Afluente,4968,4974,2010,7,7,303.7457142857143,G0082
Q_Afluente,4968,4974,2011,7,7,494.65857142857146,G0082
Q_Afluente,4968,4974,2012,7,7,383.2314285714286,G0082
Q_Afluente,4968,4974,2014,7,7,109.9814285714286,G0082
Q_Afluente,4968,4974,2015,7,7,338.0414285714286,G0082
Q_Afluente,4968,4974,2016,7,7,155.01,G0082
Q_Afluente,4968,4974,2017,7,7,153.24428571428572,G0082
Q_Afluente,4968,4974,2018,7,7,120.01857142857143,G0082
Q_Afluente,4968,4974,2019,7,7,311.76000000000005,G0082
Q_Afluente,4968,4974,2020,7,7,369.39428571428573,G0082
Q_Afluente,4968,4974,2021,7,7,151.21285714285713,G0082
Q_Afluente,6506,6520,2000,15,15,180.06666666666666,G0107
Q_Afluente,6506,6520,2001,15,15,95.2,G0107
Q_Afluente,6506,6520,2002,15,15,121.04,G0107
Q_Afluente,6506,6520,2003,15,15,170.78199999999998,G0107
Q_Afluente,6506,6520,2004,15,15,254.198,G0107
Q_Afluente,6506,6520,2005,15,15,258.604,G0107
Q_Afluente,6506,6520,2006,15,15,238.36399999999995,G0107
Q_Afluente,6506,6520,2007,15,15,248.528,G0107
Q_Afluente,6506,6520,2008,15,15,239.77200000000002,G0107
Q_Afluente,6506,6520,2009,15,15,294.71999999999997,G0107
Q_Afluente,6506,6520,2010,15,15,135.24399999999997,G0107
Q_Afluente,6506,6520,2011,15,15,227.17200000000003,G0107
Q_Afluente,6506,6520,2012,15,15,210.31933333333333,G0107
Q_Afluente,6506,6520,2013,15,15,159.372,G0107
Q_Afluente,6506,6520,2014,15,15,95.98733333333332,G0107
Q_Afluente,6506,6520,2015,15,15,92.29133333333333,G0107
Q_Afluente,6506,6520,2016,15,15,70.66533333333334,G0107
Q_Afluente,6506,6520,2018,15,15,43.93733333333334,G0107
Q_Afluente,6506,6520,2019,15,15,122.53866666666666,G0107
Q_Afluente,6506,6520,2020,15,15,171.57866666666666,G0107
Q_Afluente,6506,6520,2021,15,15,54.88933333333333,G0107
