Gap_ID,Variable,Season,Duration_days,Repeat,Start_date,End_date,Method,Selection_strategy,Peak_date,Peak_observed,N_expected,N_valid,NSE,MAE,RMSE,Status
G0002,Q_Afluente,Wet,15,1,2000-01-25,2000-02-08,Mean,wet_flow_peak,2000-02-01,4393.0,15,15,-1.7979758341265581,1427.6318772062536,1780.9277092864659,ok
G0002,Q_Afluente,Wet,15,1,2000-01-25,2000-02-08,Linear,wet_flow_peak,2000-02-01,4393.0,15,15,0.16212356049368526,821.2583333333333,974.5728327067199,ok
G0002,Q_Afluente,Wet,15,1,2000-01-25,2000-02-08,KNN,wet_flow_peak,2000-02-01,4393.0,15,15,0.4596135926963909,620.1465333333332,782.6660933046736,ok
G0002,Q_Afluente,Wet,15,1,2000-01-25,2000-02-08,Historical,wet_flow_peak,2000-02-01,4393.0,15,15,-0.5355091277594755,1014.8642539682536,1319.3211137436747,ok
G0015,Q_Afluente,Dry,30,1,2002-08-28,2002-09-26,Mean,random,,,30,30,-20.333423735311467,385.9084561270802,395.28407610820847,ok
G0015,Q_Afluente,Dry,30,1,2002-08-28,2002-09-26,Linear,random,,,30,30,0.3348498397881441,38.972107526881715,69.79734283693595,ok
G0015,Q_Afluente,Dry,30,1,2002-08-28,2002-09-26,KNN,random,,,30,30,0.37874031148801346,46.6648,67.4552298975649,ok
G0015,Q_Afluente,Dry,30,1,2002-08-28,2002-09-26,Historical,random,,,30,30,-0.0017293942998162226,60.07739153439153,85.65530154257505,ok
G0038,Q_Afluente,Wet,7,1,2005-12-12,2005-12-18,Mean,wet_flow_peak,2005-12-15,4263.78,7,7,-8.172419200532362,2158.8485438729194,2287.119226090685,ok
G0038,Q_Afluente,Wet,7,1,2005-12-12,2005-12-18,Linear,wet_flow_peak,2005-12-15,4263.78,7,7,-0.8788815498041278,725.2542857142856,1035.1339631674145,ok
G0038,Q_Afluente,Wet,7,1,2005-12-12,2005-12-18,KNN,wet_flow_peak,2005-12-15,4263.78,7,7,-0.00762145946033832,576.4851428571429,758.0460016738524,ok
G0038,Q_Afluente,Wet,7,1,2005-12-12,2005-12-18,Historical,wet_flow_peak,2005-12-15,4263.78,7,7,-5.299634527287961,1738.4804761904763,1895.4159662371985,ok
G0077,Q_Afluente,Wet,30,1,2011-12-25,2012-01-23,Mean,wet_flow_peak,2012-01-08,4696.19,30,30,-7.381693139359978,2283.20354387292,2432.946251436488,ok
G0077,Q_Afluente,Wet,30,1,2011-12-25,2012-01-23,Linear,wet_flow_peak,2012-01-08,4696.19,30,30,-0.7974613171415379,893.3332150537636,1126.6691752868776,ok
G0077,Q_Afluente,Wet,30,1,2011-12-25,2012-01-23,KNN,wet_flow_peak,2012-01-08,4696.19,30,30,0.3913925619183598,492.54786666666666,655.5944435062478,ok
G0077,Q_Afluente,Wet,30,1,2011-12-25,2012-01-23,Historical,wet_flow_peak,2012-01-08,4696.19,30,30,-4.397842883222373,1762.3269841269841,1952.4357706739322,ok
G0082,Q_Afluente,Dry,7,1,2013-05-08,2013-05-14,Mean,random,,,7,7,-310.4673016988177,274.0371704127945,274.47814577234834,ok
G0082,Q_Afluente,Dry,7,1,2013-05-08,2013-05-14,Linear,random,,,7,7,0.5044420678777983,9.975714285714295,10.9483521264944,ok
G0082,Q_Afluente,Dry,7,1,2013-05-08,2013-05-14,KNN,random,,,7,7,-5.652655574002379,28.122000000000007,40.114285456857964,ok
G0082,Q_Afluente,Dry,7,1,2013-05-08,2013-05-14,Historical,random,,,7,7,-33.61619693354618,90.17285714285718,91.50423981478475,ok
G0107,Q_Afluente,Dry,15,1,2017-07-24,2017-08-07,Mean,random,,,15,15,-1362.5343066922064,478.5774561270803,478.753044248355,ok
G0107,Q_Afluente,Dry,15,1,2017-07-24,2017-08-07,Linear,random,,,15,15,-0.5427893462328137,11.199333333333334,16.103928344506503,ok
G0107,Q_Afluente,Dry,15,1,2017-07-24,2017-08-07,KNN,random,,,15,15,-0.9185530132972222,12.797733333333333,17.95830800493187,ok
G0107,Q_Afluente,Dry,15,1,2017-07-24,2017-08-07,Historical,random,,,15,15,-109.13016263607165,135.4412380952381,136.06037204407085,ok
