Gap_ID,Variable,Season,Duration_days,Selection_strategy,Repeat,Date,Observed,Mean,Linear,KNN,Historical
G0002,Q_Afluente,Wet,15,wet_flow_peak,1,2000-01-25,618.0,509.1014561270802,1127.9375,813.672,1157.6072380952382
G0002,Q_Afluente,Wet,15,wet_flow_peak,1,2000-01-26,618.0,509.1014561270802,1287.875,721.034,1157.6072380952382
G0002,Q_Afluente,Wet,15,wet_flow_peak,1,2000-01-27,887.0,509.1014561270802,1447.8125,731.1800000000001,1157.6072380952382
G0002,Q_Afluente,Wet,15,wet_flow_peak,1,2000-01-28,880.0,509.1014561270802,1607.75,1354.088,1157.6072380952382
G0002,Q_Afluente,Wet,15,wet_flow_peak,1,2000-01-29,1017.0,509.1014561270802,1767.6875,1631.308,1157.6072380952382
G0002,Q_Afluente,Wet,15,wet_flow_peak,1,2000-01-30,1714.0,509.1014561270802,1927.625,1881.6379999999997,1157.6072380952382
G0002,Q_Afluente,Wet,15,wet_flow_peak,1,2000-01-31,1904.0,509.1014561270802,2087.5625,3168.998,1157.6072380952382
G0002,Q_Afluente,Wet,15,wet_flow_peak,1,2000-02-01,4393.0,509.1014561270802,2247.5,2546.0879999999997,1157.6072380952382
G0002,Q_Afluente,Wet,15,wet_flow_peak,1,2000-02-02,3358.0,509.1014561270802,2407.4375,2564.754,1157.6072380952382
G0002,Q_Afluente,Wet,15,wet_flow_peak,1,2000-02-03,3300.0,509.1014561270802,2567.375,2302.3280000000004,1157.6072380952382
G0002,Q_Afluente,Wet,15,wet_flow_peak,1,2000-02-04,2542.0,509.1014561270802,2727.3125,1808.7099999999998,1157.6072380952382
G0002,Q_Afluente,Wet,15,wet_flow_peak,1,2000-02-05,2246.0,509.1014561270802,2887.25,1926.434,1157.6072380952382
G0002,Q_Afluente,Wet,15,wet_flow_peak,1,2000-02-06,1955.0,509.1014561270802,3047.1875,1527.85,1157.6072380952382
G0002,Q_Afluente,Wet,15,wet_flow_peak,1,2000-02-07,1766.0,509.1014561270802,3207.125,1985.5099999999998,1157.6072380952382
G0002,Q_Afluente,Wet,15,wet_flow_peak,1,2000-02-08,1853.0,509.1014561270802,3367.0625,2842.2939999999994,1157.6072380952382
G0015,Q_Afluente,Dry,30,random,1,2002-08-28,60.0,509.1014561270802,63.62548387096774,136.906,126.75198412698413
G0015,Q_Afluente,Dry,30,random,1,2002-08-29,65.0,509.1014561270802,67.25096774193548,65.91,126.75198412698413
G0015,Q_Afluente,Dry,30,random,1,2002-08-30,65.0,509.1014561270802,70.87645161290322,63.910000000000004,126.75198412698413
G0015,Q_Afluente,Dry,30,random,1,2002-08-31,65.0,509.1014561270802,74.50193548387097,64.81800000000001,126.75198412698413
G0015,Q_Afluente,Dry,30,random,1,2002-09-01,65.0,509.1014561270802,78.12741935483871,117.4,126.75198412698413
G0015,Q_Afluente,Dry,30,random,1,2002-09-02,70.0,509.1014561270802,81.75290322580645,128.28,126.75198412698413
G0015,Q_Afluente,Dry,30,random,1,2002-09-03,80.0,509.1014561270802,85.37838709677419,96.04400000000001,126.75198412698413
G0015,Q_Afluente,Dry,30,random,1,2002-09-04,85.0,509.1014561270802,89.00387096774193,128.726,126.75198412698413
G0015,Q_Afluente,Dry,30,random,1,2002-09-05,85.0,509.1014561270802,92.62935483870967,111.60799999999999,126.75198412698413
G0015,Q_Afluente,Dry,30,random,1,2002-09-06,85.0,509.1014561270802,96.25483870967741,105.69800000000001,126.75198412698413
G0015,Q_Afluente,Dry,30,random,1,2002-09-07,85.0,509.1014561270802,99.88032258064516,82.78200000000001,126.75198412698413
G0015,Q_Afluente,Dry,30,random,1,2002-09-08,90.0,509.1014561270802,103.5058064516129,198.452,126.75198412698413
G0015,Q_Afluente,Dry,30,random,1,2002-09-09,90.0,509.1014561270802,107.13129032258064,82.78200000000001,126.75198412698413
G0015,Q_Afluente,Dry,30,random,1,2002-09-10,95.0,509.1014561270802,110.75677419354838,132.298,126.75198412698413
G0015,Q_Afluente,Dry,30,random,1,2002-09-11,95.0,509.1014561270802,114.38225806451612,114.756,126.75198412698413
G0015,Q_Afluente,Dry,30,random,1,2002-09-12,120.0,509.1014561270802,118.00774193548386,101.888,126.75198412698413
G0015,Q_Afluente,Dry,30,random,1,2002-09-13,150.33,509.1014561270802,121.6332258064516,68.22200000000001,126.75198412698413
G0015,Q_Afluente,Dry,30,random,1,2002-09-14,108.26,509.1014561270802,125.25870967741935,116.154,126.75198412698413
G0015,Q_Afluente,Dry,30,random,1,2002-09-15,188.39,509.1014561270802,128.8841935483871,96.43599999999999,126.75198412698413
G0015,Q_Afluente,Dry,30,random,1,2002-09-16,98.2,509.1014561270802,132.50967741935483,125.50999999999999,126.75198412698413
G0015,Q_Afluente,Dry,30,random,1,2002-09-17,107.0,509.1014561270802,136.13516129032257,125.20399999999998,126.75198412698413
G0015,Q_Afluente,Dry,30,random,1,2002-09-18,100.14,509.1014561270802,139.7606451612903,108.604,126.75198412698413
G0015,Q_Afluente,Dry,30,random,1,2002-09-19,61.06,509.1014561270802,143.38612903225805,84.716,126.75198412698413
G0015,Q_Afluente,Dry,30,random,1,2002-09-20,97.89,509.1014561270802,147.0116129032258,84.71599999999998,126.75198412698413
G0015,Q_Afluente,Dry,30,random,1,2002-09-21,88.2,509.1014561270802,150.63709677419354,83.338,126.75198412698413
G0015,Q_Afluente,Dry,30,random,1,2002-09-22,249.67,509.1014561270802,154.26258064516128,103.33399999999999,126.75198412698413
G0015,Q_Afluente,Dry,30,random,1,2002-09-23,237.06,509.1014561270802,157.88806451612902,183.6,126.75198412698413
G0015,Q_Afluente,Dry,30,random,1,2002-09-24,281.43,509.1014561270802,161.51354838709676,110.904,126.75198412698413
G0015,Q_Afluente,Dry,30,random,1,2002-09-25,470.0,509.1014561270802,165.1390322580645,304.68,126.75198412698413
G0015,Q_Afluente,Dry,30,random,1,2002-09-26,158.16,509.1014561270802,168.76451612903224,254.93800000000002,126.75198412698413
G0038,Q_Afluente,Wet,7,wet_flow_peak,1,2005-12-12,2180.56,509.1014561270802,2147.68375,1929.7060000000001,929.4695238095239
G0038,Q_Afluente,Wet,7,wet_flow_peak,1,2005-12-13,1913.55,509.1014561270802,2096.8075,2650.5,929.4695238095239
G0038,Q_Afluente,Wet,7,wet_flow_peak,1,2005-12-14,2233.67,509.1014561270802,2045.9312499999999,2710.956,929.4695238095239
G0038,Q_Afluente,Wet,7,wet_flow_peak,1,2005-12-15,4263.78,509.1014561270802,1995.0549999999998,2569.334,929.4695238095239
G0038,Q_Afluente,Wet,7,wet_flow_peak,1,2005-12-16,3166.04,509.1014561270802,1944.17875,2753.652,929.4695238095239
G0038,Q_Afluente,Wet,7,wet_flow_peak,1,2005-12-17,2698.48,509.1014561270802,1893.3025,2608.16,929.4695238095239
G0038,Q_Afluente,Wet,7,wet_flow_peak,1,2005-12-18,2219.57,509.1014561270802,1842.42625,1846.4180000000001,929.4695238095239
G0077,Q_Afluente,Wet,30,wet_flow_peak,1,2011-12-25,1575.51,509.1014561270802,2009.850322580645,1456.7259999999999,1029.9780158730157
G0077,Q_Afluente,Wet,30,wet_flow_peak,1,2011-12-26,1469.07,509.1014561270802,2011.9006451612902,1565.132,1029.9780158730157
G0077,Q_Afluente,Wet,30,wet_flow_peak,1,2011-12-27,1414.32,509.1014561270802,2013.9509677419355,1929.7839999999997,1029.9780158730157
G0077,Q_Afluente,Wet,30,wet_flow_peak,1,2011-12-28,1483.68,509.1014561270802,2016.0012903225806,1981.4759999999999,1029.9780158730157
G0077,Q_Afluente,Wet,30,wet_flow_peak,1,2011-12-29,2195.43,509.1014561270802,2018.0516129032258,1973.512,1029.9780158730157
G0077,Q_Afluente,Wet,30,wet_flow_peak,1,2011-12-30,2407.75,509.1014561270802,2020.1019354838709,2403.808,1029.9780158730157
G0077,Q_Afluente,Wet,30,wet_flow_peak,1,2011-12-31,2508.52,509.1014561270802,2022.1522580645162,2057.438,1029.9780158730157
G0077,Q_Afluente,Wet,30,wet_flow_peak,1,2012-01-01,2730.07,509.1014561270802,2024.2025806451613,2047.6,1029.9780158730157
G0077,Q_Afluente,Wet,30,wet_flow_peak,1,2012-01-02,3136.53,509.1014561270802,2026.2529032258064,2804.1580000000004,1029.9780158730157
G0077,Q_Afluente,Wet,30,wet_flow_peak,1,2012-01-03,3371.39,509.1014561270802,2028.3032258064516,2915.4120000000003,1029.9780158730157
G0077,Q_Afluente,Wet,30,wet_flow_peak,1,2012-01-04,3388.13,509.1014561270802,2030.353548387097,2300.44,1029.9780158730157
G0077,Q_Afluente,Wet,30,wet_flow_peak,1,2012-01-05,3680.52,509.1014561270802,2032.403870967742,2553.6899999999996,1029.9780158730157
G0077,Q_Afluente,Wet,30,wet_flow_peak,1,2012-01-06,4106.52,509.1014561270802,2034.4541935483871,3079.5539999999996,1029.9780158730157
G0077,Q_Afluente,Wet,30,wet_flow_peak,1,2012-01-07,4624.09,509.1014561270802,2036.5045161290323,3430.692,1029.9780158730157
G0077,Q_Afluente,Wet,30,wet_flow_peak,1,2012-01-08,4696.19,509.1014561270802,2038.5548387096774,2956.6240000000003,1029.9780158730157
G0077,Q_Afluente,Wet,30,wet_flow_peak,1,2012-01-09,3956.96,509.1014561270802,2040.6051612903227,2649.136,1029.9780158730157
G0077,Q_Afluente,Wet,30,wet_flow_peak,1,2012-01-10,3326.39,509.1014561270802,2042.6554838709678,2610.232,1029.9780158730157
G0077,Q_Afluente,Wet,30,wet_flow_peak,1,2012-01-11,3055.8,509.1014561270802,2044.705806451613,2966.172,1029.9780158730157
G0077,Q_Afluente,Wet,30,wet_flow_peak,1,2012-01-12,3222.59,509.1014561270802,2046.756129032258,3062.574,1029.9780158730157
G0077,Q_Afluente,Wet,30,wet_flow_peak,1,2012-01-13,2888.2,509.1014561270802,2048.8064516129034,3370.522,1029.9780158730157
G0077,Q_Afluente,Wet,30,wet_flow_peak,1,2012-01-14,2855.2,509.1014561270802,2050.8567741935485,3377.0159999999996,1029.9780158730157
G0077,Q_Afluente,Wet,30,wet_flow_peak,1,2012-01-15,2662.61,509.1014561270802,2052.9070967741936,3145.278,1029.9780158730157
G0077,Q_Afluente,Wet,30,wet_flow_peak,1,2012-01-16,2442.02,509.1014561270802,2054.9574193548387,2410.0519999999997,1029.9780158730157
G0077,Q_Afluente,Wet,30,wet_flow_peak,1,2012-01-17,2447.02,509.1014561270802,2057.007741935484,2218.7580000000003,1029.9780158730157
G0077,Q_Afluente,Wet,30,wet_flow_peak,1,2012-01-18,2547.7,509.1014561270802,2059.058064516129,2260.416,1029.9780158730157
G0077,Q_Afluente,Wet,30,wet_flow_peak,1,2012-01-19,2433.02,509.1014561270802,2061.108387096774,2554.9820000000004,1029.9780158730157
G0077,Q_Afluente,Wet,30,wet_flow_peak,1,2012-01-20,2472.93,509.1014561270802,2063.1587096774197,2659.1180000000004,1029.9780158730157
G0077,Q_Afluente,Wet,30,wet_flow_peak,1,2012-01-21,2340.81,509.1014561270802,2065.209032258065,2706.4979999999996,1029.9780158730157
G0077,Q_Afluente,Wet,30,wet_flow_peak,1,2012-01-22,2165.52,509.1014561270802,2067.25935483871,2140.904,1029.9780158730157
G0077,Q_Afluente,Wet,30,wet_flow_peak,1,2012-01-23,2164.66,509.1014561270802,2069.309677419355,1944.9419999999998,1029.9780158730157
G0082,Q_Afluente,Dry,7,random,1,2013-05-08,258.19,509.1014561270802,263.985,332.172,325.2371428571429
G0082,Q_Afluente,Dry,7,random,1,2013-05-09,255.71,509.1014561270802,257.67,325.324,325.2371428571429
G0082,Q_Afluente,Dry,7,random,1,2013-05-10,238.12,509.1014561270802,251.35500000000002,263.48999999999995,325.2371428571429
G0082,Q_Afluente,Dry,7,random,1,2013-05-11,234.26,509.1014561270802,245.04000000000002,237.65,325.2371428571429
G0082,Q_Afluente,Dry,7,random,1,2013-05-12,222.92,509.1014561270802,238.725,237.65,325.2371428571429
G0082,Q_Afluente,Dry,7,random,1,2013-05-13,218.75,509.1014561270802,232.41,217.38999999999996,325.2371428571429
G0082,Q_Afluente,Dry,7,random,1,2013-05-14,217.5,509.1014561270802,226.095,225.908,325.2371428571429
G0107,Q_Afluente,Dry,15,random,1,2017-07-24,33.58,509.1014561270802,20.475625,17.576,165.9652380952381
G0107,Q_Afluente,Dry,15,random,1,2017-07-25,46.47,509.1014561270802,20.72125,17.576,165.9652380952381
G0107,Q_Afluente,Dry,15,random,1,2017-07-26,53.26,509.1014561270802,20.966875,17.576,165.9652380952381
G0107,Q_Afluente,Dry,15,random,1,2017-07-27,53.26,509.1014561270802,21.2125,18.794,165.9652380952381
G0107,Q_Afluente,Dry,15,random,1,2017-07-28,47.47,509.1014561270802,21.458125,18.794,165.9652380952381
G0107,Q_Afluente,Dry,15,random,1,2017-07-29,34.97,509.1014561270802,21.70375,18.794,165.9652380952381
G0107,Q_Afluente,Dry,15,random,1,2017-07-30,25.94,509.1014561270802,21.949375,18.794000000000004,165.9652380952381
G0107,Q_Afluente,Dry,15,random,1,2017-07-31,21.16,509.1014561270802,22.195,22.616,165.9652380952381
G0107,Q_Afluente,Dry,15,random,1,2017-08-01,15.37,509.1014561270802,22.440625,23.601999999999997,165.9652380952381
G0107,Q_Afluente,Dry,15,random,1,2017-08-02,22.16,509.1014561270802,22.68625,23.601999999999997,165.9652380952381
G0107,Q_Afluente,Dry,15,random,1,2017-08-03,17.37,509.1014561270802,22.931875,23.601999999999997,165.9652380952381
G0107,Q_Afluente,Dry,15,random,1,2017-08-04,17.37,509.1014561270802,23.177500000000002,23.602,165.9652380952381
G0107,Q_Afluente,Dry,15,random,1,2017-08-05,23.16,509.1014561270802,23.423125,23.602,165.9652380952381
G0107,Q_Afluente,Dry,15,random,1,2017-08-06,23.16,509.1014561270802,23.66875,23.601999999999997,165.9652380952381
G0107,Q_Afluente,Dry,15,random,1,2017-08-07,23.16,509.1014561270802,23.914375,23.602,165.9652380952381
