feature,delta_SHAP_alta_menos_baixa
P_2044024,0.6609220039013333
P_2045002,1.0788128842732738
P_2044042,1.1680742297990085
Q_40800001,2.0270394643284213
Q_40050000,3.0021933753389933
P_1946000,4.5531693475731965
Q_40185000,5.0824742257840505
P_2044016,6.211124863352982
P_2046013,6.550599023325647
P_1944059,7.061916875335063
P_2044008,7.856791498261589
P_1945008,10.615917262045762
P_1945002,18.47718773832889
P_1944063,20.33679128766255
Q_40032000,23.271381104343277
Q_40060001,32.94836972790889
Q_40330000,51.61759975641728
Q_40850000,55.44712635522457
Q_40930000,71.1761416908469
Q_40100000,233.4566714064767
