data,observado,regime,MLP_All,MLP_Corr,MLP_MI,MLP_SHAP
2018-06-13,110.71,Baixa vazao,109.503944,101.41496,113.50108,100.29408
2018-06-14,108.65,Baixa vazao,94.47137,97.70682,109.239395,98.79707
2018-06-15,108.81,Baixa vazao,90.001564,95.37664,106.41757,95.5558
2018-06-16,101.06,Baixa vazao,91.81666,95.734985,105.49523,97.83441
2018-06-17,100.94,Baixa vazao,88.61474,90.23941,97.95136,96.49216
2018-06-18,101.1,Baixa vazao,87.6135,89.40903,97.45695,95.13803
2018-06-19,101.13,Baixa vazao,85.50238,86.03212,93.315544,93.05475
2018-06-20,92.69,Baixa vazao,86.429634,87.58295,95.361,94.14372
2018-06-21,81.99,Baixa vazao,84.6007,85.608574,93.10046,93.0802
2018-06-22,79.41,Baixa vazao,85.32773,87.008804,94.72633,92.8999
2018-06-23,78.82,Baixa vazao,82.49221,84.603004,92.02892,91.02611
2018-06-24,73.25,Baixa vazao,86.419365,84.33957,92.30254,89.945175
2018-06-25,73.27,Baixa vazao,83.327705,85.88431,91.43031,90.94006
2018-06-26,65.47,Baixa vazao,83.10822,87.16843,92.8182,91.15106
2018-06-27,65.7,Baixa vazao,81.970146,84.46582,90.2117,90.19879
2018-06-28,65.48,Baixa vazao,79.44491,81.07413,86.042015,88.630035
2018-06-29,66.69,Baixa vazao,79.14612,81.55874,86.293144,88.42566
2018-06-30,66.34,Baixa vazao,76.57841,79.336075,83.95191,86.23151
2018-07-01,61.62,Baixa vazao,75.62151,77.636154,82.29632,85.57808
2018-07-02,69.71,Baixa vazao,75.5237,76.79493,81.47211,85.57808
2018-07-03,64.62,Baixa vazao,73.84853,75.36428,81.84574,84.28114
2018-07-04,66.7,Baixa vazao,71.415215,71.81447,80.37055,82.36369
2018-07-05,64.53,Baixa vazao,69.46351,70.964935,79.360085,80.66275
2018-07-06,64.59,Baixa vazao,68.54074,69.25842,78.16566,80.01836
2018-07-07,59.99,Baixa vazao,67.62422,67.66189,76.98196,79.39935
2018-07-08,59.83,Baixa vazao,65.67335,65.7387,74.48496,78.11244
2018-07-09,60.06,Baixa vazao,63.769367,64.472244,73.23065,76.649796
2018-07-10,51.85,Baixa vazao,63.211277,63.309845,72.205696,76.25406
2018-07-11,49.36,Baixa vazao,63.253098,63.32023,72.10282,76.25406
2018-07-12,52.83,Baixa vazao,62.236748,61.855873,70.89781,75.47624
2018-07-13,53.14,Baixa vazao,60.16626,60.682907,69.47173,74.23424
2018-07-14,54.91,Baixa vazao,64.17125,64.31682,73.45486,76.0661
2018-07-15,62.78,Baixa vazao,61.878357,63.080006,72.2675,74.12204
2018-07-16,48.27,Baixa vazao,61.16563,62.962975,72.02134,73.703125
2018-07-17,48.5,Baixa vazao,56.16429,57.568027,66.76904,70.77554
2018-07-18,44.11,Baixa vazao,54.74988,56.709286,65.88624,69.57393
2018-07-19,50.36,Baixa vazao,58.39401,60.361004,69.71781,71.36742
2018-07-20,46.65,Baixa vazao,57.55751,59.13176,68.4686,70.952286
2018-07-21,48.5,Baixa vazao,55.12766,56.596733,65.98169,69.40355
2018-07-22,48.28,Baixa vazao,52.90374,54.142845,63.28064,68.29901
2018-07-23,49.49,Baixa vazao,53.313206,55.51771,64.84765,67.85918
2018-07-24,56.94,Baixa vazao,50.9473,52.244244,61.229607,66.76784
2018-07-25,57.12,Baixa vazao,49.625347,51.254326,61.03872,65.94298
2018-07-26,54.95,Baixa vazao,51.491467,53.601307,63.54064,66.466644
2018-07-27,45.97,Baixa vazao,47.65087,50.09131,59.81256,64.184875
2018-07-28,36.84,Baixa vazao,42.197803,45.70244,55.353172,60.94418
2018-07-29,37.72,Baixa vazao,43.202927,48.86364,58.845726,61.22472
2018-07-30,37.95,Baixa vazao,45.794163,48.96335,58.82616,62.860264
2018-07-31,37.73,Baixa vazao,43.94046,46.81546,56.598278,62.158947
2018-08-01,37.93,Baixa vazao,43.088894,45.8714,55.652096,61.69694
2018-08-02,37.84,Baixa vazao,44.20177,46.67672,56.962784,62.502605
2018-08-03,38.72,Baixa vazao,44.684944,48.062527,58.72358,65.00545
2018-08-04,38.95,Baixa vazao,75.826164,59.367043,63.17128,96.01521
2018-08-05,46.36,Baixa vazao,219.56554,89.12923,91.474754,113.0157
2018-08-06,46.59,Baixa vazao,80.893425,101.43745,105.35836,85.99277
2018-08-07,47.45,Baixa vazao,121.42746,124.5241,134.99171,90.73428
2018-08-08,39.76,Baixa vazao,105.600685,120.42303,130.17783,112.60391
2018-08-09,47.56,Baixa vazao,103.725716,117.252,121.21177,108.05698
2018-08-10,47.36,Baixa vazao,106.06659,124.59428,129.97217,106.40068
2018-08-11,55.23,Baixa vazao,125.237724,138.58545,144.6626,119.87459
2018-08-12,51.02,Baixa vazao,165.38646,181.08672,197.8071,153.95201
2018-08-13,55.2,Baixa vazao,88.33999,94.104294,98.883705,96.24628
2018-08-14,56.09,Baixa vazao,82.201805,86.171646,91.75541,91.43161
2018-08-15,56.06,Baixa vazao,81.45223,76.94396,83.99041,86.15581
2018-08-16,56.18,Baixa vazao,76.755775,72.846504,80.61971,84.91991
2018-08-17,53.0,Baixa vazao,78.55923,66.837166,75.437035,81.86212
2018-08-18,51.23,Baixa vazao,116.45435,67.285095,75.86236,105.33943
2018-08-19,51.0,Baixa vazao,82.76496,63.571262,70.87467,83.456055
2018-08-20,51.23,Baixa vazao,67.5343,68.65741,74.53787,80.18364
2018-08-21,52.04,Baixa vazao,61.807476,65.535385,72.93398,77.07202
2018-08-22,52.16,Baixa vazao,59.883335,65.12584,73.22582,74.96286
2018-08-23,52.13,Baixa vazao,59.920918,63.00354,71.5678,74.43121
2018-08-24,52.02,Baixa vazao,57.83468,61.329933,70.18308,72.27655
2018-08-25,59.84,Baixa vazao,56.739765,58.991226,68.56404,71.33029
2018-08-26,60.63,Baixa vazao,59.87975,62.087685,71.42256,73.028305
2018-08-27,53.23,Baixa vazao,50.611584,53.696724,63.024498,68.37862
2018-08-28,53.0,Baixa vazao,45.549576,48.803886,58.650936,64.39776
2018-08-29,45.59,Baixa vazao,45.577785,47.76731,57.11982,64.85657
2018-08-30,45.43,Baixa vazao,45.522774,47.870605,57.52266,64.31742
2018-08-31,37.81,Baixa vazao,46.408665,48.807915,58.34514,64.7955
2018-09-01,46.54,Baixa vazao,45.747482,47.756794,57.569527,64.52017
2018-09-02,34.85,Baixa vazao,45.310658,47.85426,57.35101,64.143036
2018-09-03,31.01,Baixa vazao,43.660328,47.183365,56.467766,62.946262
2018-09-04,24.02,Baixa vazao,39.71936,43.72809,52.517883,61.18596
2018-09-05,26.24,Baixa vazao,39.721607,43.290325,51.779667,60.82137
2018-09-06,17.24,Baixa vazao,37.025852,41.287903,49.772972,59.105785
2018-09-07,25.46,Baixa vazao,37.594677,42.29976,50.79609,58.878845
2018-09-08,26.78,Baixa vazao,39.754513,44.58816,52.348267,59.56239
2018-09-09,17.26,Baixa vazao,37.98499,42.77576,50.7847,58.402416
2018-09-10,23.9,Baixa vazao,35.49906,41.53639,49.93081,56.59766
2018-09-11,14.52,Baixa vazao,33.439312,39.591774,47.54413,55.979275
2018-09-12,15.86,Baixa vazao,32.44957,38.496365,46.163765,55.286915
2018-09-13,25.05,Baixa vazao,32.674454,38.119587,46.05529,55.41984
2018-09-14,18.99,Baixa vazao,35.412037,40.831314,48.957096,56.05897
2018-09-15,16.83,Baixa vazao,71.34208,41.75564,49.8647,60.37638
2018-09-16,24.61,Baixa vazao,127.17272,68.77858,78.08885,73.13498
2018-09-17,34.24,Baixa vazao,101.68345,84.25462,84.22442,89.62305
2018-09-18,32.65,Baixa vazao,55.488853,82.29851,86.13429,83.15224
2018-09-19,44.93,Baixa vazao,124.19901,101.36016,105.018654,88.9512
2018-09-20,56.41,Baixa vazao,93.111694,111.01465,109.730705,105.20953
2018-09-21,63.23,Baixa vazao,153.32622,114.101105,115.18061,174.1046
2018-09-22,67.93,Baixa vazao,309.50806,149.93797,157.45865,119.64325
2018-09-23,71.87,Baixa vazao,132.92577,149.34497,140.74539,139.8706
2018-09-24,82.56,Baixa vazao,104.52206,121.28672,121.35649,110.7106
2018-09-25,100.29,Baixa vazao,99.49843,105.815926,104.19909,108.416306
2018-09-26,104.97,Baixa vazao,80.268,81.460785,84.62361,91.437836
2018-09-27,94.78,Baixa vazao,64.29196,65.06568,70.12124,78.41281
2018-09-28,89.23,Baixa vazao,54.460915,56.27667,63.885612,70.57419
2018-09-29,76.12,Baixa vazao,87.03541,51.568123,59.68516,66.028564
2018-09-30,65.0,Baixa vazao,36.8671,46.865067,55.731827,62.2801
2018-10-01,50.31,Baixa vazao,77.41238,47.546375,56.676514,61.172485
2018-10-02,35.22,Baixa vazao,155.85234,60.40325,70.68715,86.92888
2018-10-03,32.79,Baixa vazao,60.169846,60.00343,70.8601,74.9422
2018-10-04,36.03,Baixa vazao,90.711174,61.461994,75.527885,67.58682
2018-10-05,43.86,Baixa vazao,63.879463,85.98756,100.11678,71.154785
2018-10-06,67.62,Baixa vazao,98.749,103.23768,109.76379,100.566666
2018-10-07,74.3,Baixa vazao,138.02312,107.72058,106.35284,111.9444
2018-10-08,81.82,Baixa vazao,181.55016,102.22438,108.235054,145.4505
2018-10-09,81.67,Baixa vazao,241.42107,91.349236,102.26394,284.72797
2018-10-10,88.61,Baixa vazao,126.61914,88.71883,101.49385,138.99484
2018-10-11,111.64,Baixa vazao,124.22314,88.35134,100.94655,133.7226
2018-10-12,122.23,Baixa vazao,125.085464,91.3089,103.48844,132.73215
2018-10-13,133.81,Baixa vazao,256.77054,93.44451,101.19892,125.84125
2018-10-14,122.33,Baixa vazao,167.70341,89.476456,96.2653,118.8696
2018-10-15,121.33,Baixa vazao,113.26971,83.944214,94.395035,113.77365
2018-10-16,135.22,Baixa vazao,102.87397,85.18615,96.575165,107.150925
2018-10-17,136.22,Baixa vazao,286.335,100.24263,114.383446,269.44424
2018-10-18,143.17,Baixa vazao,167.0921,122.47709,136.24,127.37375
2018-10-19,162.06,Normal,170.7796,128.55191,148.90582,118.99173
2018-10-20,187.21,Normal,185.80028,133.82887,145.3179,132.00433
2018-10-21,202.97,Normal,187.78831,156.32104,175.66524,137.08917
2018-10-22,218.87,Normal,224.95668,188.1656,194.27501,260.37363
2018-10-23,230.99,Normal,264.6079,173.57889,178.02344,255.48099
2018-10-24,230.87,Normal,235.03285,148.06432,152.51123,218.56355
2018-10-25,230.56,Normal,246.10368,124.15065,131.55148,183.68382
2018-10-26,225.56,Normal,268.3963,185.65771,172.55228,248.28604
2018-10-27,232.5,Normal,470.0467,216.43854,208.7652,275.00305
2018-10-28,231.5,Normal,405.2505,199.34663,203.07872,589.256
2018-10-29,225.56,Normal,238.96156,195.9259,226.67566,280.4512
2018-10-30,212.22,Normal,230.76155,201.19382,231.28343,251.57263
2018-10-31,233.72,Normal,292.01404,199.25247,217.16467,382.4544
2018-11-01,233.72,Normal,187.47346,171.26566,185.53314,183.76952
2018-11-02,219.83,Normal,146.55394,136.11844,144.50836,146.3646
2018-11-03,189.06,Normal,202.77867,131.241,141.35152,144.75226
2018-11-04,161.28,Normal,434.95847,131.98758,145.62166,154.6426
2018-11-05,164.28,Normal,349.58377,155.67938,178.06863,151.0846
2018-11-06,199.0,Normal,222.82912,196.03735,202.63068,238.96353
2018-11-07,289.11,Normal,232.50708,202.99072,210.38568,213.5651
2018-11-08,292.94,Normal,234.69566,201.43011,224.99402,204.67668
2018-11-09,400.31,Normal,598.8563,303.00308,314.6803,585.39825
2018-11-10,569.84,Normal,984.41583,731.9235,435.16156,1118.0273
2018-11-11,646.11,Normal,874.2255,764.8333,673.56616,1005.34454
2018-11-12,848.87,Normal,709.6364,710.91656,751.74536,703.3021
2018-11-13,994.59,Alta vazao,687.7688,700.6776,754.2353,713.79535
2018-11-14,1001.42,Alta vazao,772.7737,706.5412,773.3498,784.1993
2018-11-15,963.64,Alta vazao,732.0763,651.827,680.30023,740.1152
2018-11-16,888.35,Normal,732.35175,647.3121,645.4188,736.2602
2018-11-17,814.28,Normal,838.40015,673.6456,702.5165,770.7635
2018-11-18,685.46,Normal,660.1829,600.50323,625.4645,657.6381
2018-11-19,568.79,Normal,581.24146,518.53644,561.179,519.0522
2018-11-20,510.34,Normal,819.1421,523.7204,567.96686,624.81006
2018-11-21,663.38,Normal,1410.2682,933.4523,772.42523,1395.6118
2018-11-22,777.04,Normal,1234.0271,947.53033,1107.7898,1055.1744
2018-11-23,928.59,Alta vazao,1160.4933,1167.0479,1433.1674,1038.4901
2018-11-24,1227.43,Alta vazao,1257.6788,1481.6958,1653.9745,1276.474
2018-11-25,1317.48,Alta vazao,1594.4896,1823.7771,1527.5353,1562.8807
2018-11-26,1397.73,Alta vazao,1680.4766,1795.6946,1531.0215,1641.8353
2018-11-27,1397.5,Alta vazao,1578.6061,1564.666,1542.0868,1459.7386
2018-11-28,1305.94,Alta vazao,1183.0634,1260.4377,1422.9208,1195.4008
2018-11-29,1221.92,Alta vazao,1137.8844,1171.4176,1293.4393,1146.5675
2018-11-30,1132.37,Alta vazao,1065.1654,1058.3195,1132.2355,1076.4125
2018-12-01,1070.1,Alta vazao,1027.2665,962.92896,1042.2874,1031.2814
2018-12-02,1035.91,Alta vazao,1320.2792,994.5121,1079.9746,1133.6981
2018-12-03,1025.35,Alta vazao,1310.3339,1073.5104,1148.9019,1305.5187
2018-12-04,1010.92,Alta vazao,1676.6743,1206.0466,1365.3768,2130.413
2018-12-05,1019.53,Alta vazao,1249.3873,1276.6693,1441.3418,1255.1771
2018-12-06,986.09,Alta vazao,1131.6257,1175.281,1267.7626,1149.337
2018-12-07,930.02,Alta vazao,1093.9424,1036.8403,1078.8326,1075.3527
2018-12-08,896.15,Alta vazao,1135.6888,1137.3376,997.41656,1204.5406
2018-12-09,868.13,Normal,1192.6871,1182.383,1070.0282,1136.5507
2018-12-10,809.14,Normal,988.1378,1069.9371,972.393,1003.7732
2018-12-11,780.67,Normal,796.56494,935.3083,867.2115,857.06305
2018-12-12,731.36,Normal,731.5423,829.03876,772.28864,778.59503
2018-12-13,656.77,Normal,613.88025,685.2504,666.09143,653.2878
2018-12-14,584.26,Normal,593.30365,559.10596,565.38965,538.4876
2018-12-15,511.04,Normal,483.69128,491.48203,510.84967,486.3608
2018-12-16,492.98,Normal,437.73395,457.67352,481.05176,460.3527
2018-12-17,467.29,Normal,429.8669,431.459,465.90002,448.14084
2018-12-18,412.65,Normal,378.61517,373.19778,408.13074,397.22012
2018-12-19,371.43,Normal,385.88092,368.31274,403.5545,403.062
2018-12-20,352.33,Normal,356.65564,343.17822,376.1539,375.90466
2018-12-21,308.96,Normal,408.18073,339.71014,376.53772,369.64926
2018-12-22,300.76,Normal,419.7635,334.93124,375.9093,361.96606
2018-12-23,283.84,Normal,351.60626,323.32898,362.85693,354.53635
2018-12-24,292.3,Normal,401.65298,337.01328,375.98904,363.63058
2018-12-25,309.43,Normal,439.9284,377.8344,429.2234,370.09637
2018-12-26,360.81,Normal,561.41095,412.08023,469.69122,498.62183
2018-12-27,458.96,Normal,820.8884,421.90442,467.57397,1079.735
2018-12-28,585.12,Normal,702.89465,472.92218,545.15405,722.7499
2018-12-29,676.6,Normal,888.905,651.9327,686.4024,835.91815
2018-12-30,717.34,Normal,775.2351,723.242,711.43695,710.577
2018-12-31,701.71,Normal,966.8674,933.4142,795.3194,940.5167
2019-01-01,808.92,Normal,801.1283,967.81146,894.8988,806.37695
2019-01-02,935.11,Alta vazao,1192.6932,1138.3105,1116.5609,1106.1552
2019-01-03,842.74,Normal,1007.127,1139.1028,1044.626,1096.1012
2019-01-04,856.7,Normal,1050.9012,1077.4785,980.4067,1057.829
2019-01-05,794.2,Normal,970.57825,979.6637,897.83307,978.017
2019-01-06,730.55,Normal,1045.808,899.6042,819.4584,925.4267
2019-01-07,697.14,Normal,725.7002,721.2557,665.4074,786.61835
2019-01-08,622.29,Normal,633.1246,633.0471,603.30383,679.26965
2019-01-09,592.44,Normal,671.33496,575.07477,570.7971,613.8519
2019-01-10,560.65,Normal,539.51965,493.3568,528.3209,544.2427
2019-01-11,509.19,Normal,568.7437,439.83215,489.37167,593.0926
2019-01-12,426.78,Normal,530.87573,406.7413,440.50104,559.6936
2019-01-13,382.1,Normal,490.54172,365.93436,391.3251,521.1236
2019-01-14,367.29,Normal,465.10132,340.3415,362.49506,497.65244
2019-01-15,339.81,Normal,440.2541,312.07623,333.33032,476.3776
2019-01-16,336.19,Normal,419.1377,290.4804,311.8477,457.58524
2019-01-17,317.67,Normal,403.12332,272.1677,294.65726,443.12167
2019-01-18,302.56,Normal,481.42892,284.90448,308.48633,476.7314
2019-01-19,293.36,Normal,345.66705,258.8231,282.52643,373.4916
2019-01-20,293.36,Normal,302.34857,257.54843,283.7554,322.7122
2019-01-21,271.38,Normal,280.91678,258.74094,277.01733,295.57675
2019-01-22,245.91,Normal,325.7395,253.15266,273.22095,282.42377
2019-01-23,236.42,Normal,265.19638,251.11707,269.0549,277.8572
2019-01-24,236.42,Normal,257.8192,258.81714,277.1156,276.13412
2019-01-25,236.42,Normal,272.5645,258.95984,273.02655,284.12082
2019-01-26,236.42,Normal,264.9276,250.0498,264.15546,275.1721
2019-01-27,244.98,Normal,338.12494,245.92401,259.94867,267.2466
2019-01-28,262.11,Normal,523.641,251.53836,269.08786,687.2391
2019-01-29,252.85,Normal,255.81682,239.93292,256.91687,266.2421
2019-01-30,234.33,Normal,268.6051,249.00371,274.43335,277.77444
2019-01-31,252.85,Normal,305.90482,255.79932,279.62222,294.85117
2019-02-01,271.37,Normal,273.07556,244.62897,267.41483,280.31516
2019-02-02,271.37,Normal,276.44348,243.57237,264.635,285.69577
2019-02-03,252.85,Normal,244.76804,212.49017,236.66623,248.07593
2019-02-04,234.33,Normal,237.61818,205.63483,230.45287,240.28957
2019-02-05,215.81,Normal,383.08136,246.74701,283.59702,235.36734
2019-02-06,226.93,Normal,248.95229,233.93335,262.0764,237.18668
2019-02-07,264.89,Normal,509.50446,289.69977,320.64853,347.59708
2019-02-08,312.34,Normal,583.76355,424.0661,377.1698,515.5653
2019-02-09,350.23,Normal,441.61197,428.75775,427.4745,415.10815
2019-02-10,371.83,Normal,385.42416,463.0753,481.27142,415.68326
2019-02-11,396.88,Normal,516.05853,538.54114,548.5984,514.3966
2019-02-12,409.26,Normal,689.916,563.5466,554.44336,576.2497
2019-02-13,410.76,Normal,524.1655,562.3123,573.6237,557.73956
2019-02-14,412.41,Normal,494.62814,428.51355,443.6678,439.38535
2019-02-15,391.14,Normal,571.01514,466.89267,457.32312,619.95184
2019-02-16,406.25,Normal,634.8041,427.9135,507.5263,649.9676
2019-02-17,434.72,Normal,610.2342,453.65195,586.132,538.3463
2019-02-18,483.33,Normal,889.18506,932.18243,712.8572,936.2363
2019-02-19,519.36,Normal,944.8333,1016.1685,925.7937,847.75494
2019-02-20,692.67,Normal,1042.5194,999.80334,1149.2302,1015.3579
2019-02-21,919.83,Alta vazao,1203.5153,1248.6458,1402.4135,1207.4891
2019-02-22,1066.13,Alta vazao,1592.6382,1682.8055,1648.1478,1567.5016
2019-02-23,1138.81,Alta vazao,1514.65,1934.1167,1785.2621,1635.6503
2019-02-24,1092.44,Alta vazao,1422.0552,1684.9736,1761.5231,1497.3212
2019-02-25,1052.7,Alta vazao,1528.9127,1586.8032,1659.6556,1573.055
2019-02-26,996.76,Alta vazao,1414.1566,1388.987,1457.9225,1425.4825
2019-02-27,918.4,Alta vazao,1106.6277,1100.6821,1127.6473,1137.1387
2019-02-28,866.71,Normal,1521.4508,1038.8488,990.6622,1692.7448
2019-03-01,913.36,Alta vazao,1168.3837,943.4093,934.59503,959.8194
2019-03-02,927.32,Alta vazao,1496.4567,1180.482,1083.4615,1211.348
2019-03-03,948.31,Alta vazao,1810.9364,1540.8014,1257.7535,1646.1053
2019-03-04,1013.5,Alta vazao,1791.6521,1676.9312,1370.1444,1645.8607
2019-03-05,1050.25,Alta vazao,1819.4474,1955.3608,1605.4781,1863.3546
2019-03-06,1079.45,Alta vazao,1787.6566,1797.2703,1692.4213,1812.4625
2019-03-07,1088.23,Alta vazao,1949.7297,1807.8972,1758.9022,1943.7361
2019-03-08,1068.81,Alta vazao,1873.306,1744.8287,1739.0435,1870.5414
2019-03-09,1010.47,Alta vazao,1758.6309,1620.8181,1664.3253,1738.6624
2019-03-10,942.37,Alta vazao,1694.0554,1498.5347,1539.7582,1618.1622
2019-03-11,948.12,Alta vazao,1452.7528,1312.2239,1350.2457,1408.3467
2019-03-12,940.6,Alta vazao,1436.6447,1155.322,1206.3624,1245.662
2019-03-13,911.31,Alta vazao,1316.1593,1058.4152,1106.6324,1161.2902
2019-03-14,881.19,Normal,1285.8253,1059.5891,1112.9677,1130.1266
2019-03-15,845.21,Normal,1205.0123,1010.0628,1044.7413,1091.0804
2019-03-16,822.9,Normal,1082.6189,946.27625,976.2151,998.8155
2019-03-17,803.39,Normal,1108.2262,909.55804,961.7258,950.0068
2019-03-18,744.95,Normal,1010.98816,956.91815,1042.9437,941.56866
2019-03-19,773.33,Normal,1015.8041,1114.5546,1051.9398,1018.80664
2019-03-20,734.33,Normal,1331.962,1092.5835,989.64764,1225.9664
2019-03-21,709.17,Normal,1179.3262,944.86847,925.98926,988.4848
2019-03-22,716.89,Normal,1270.9445,1054.9884,990.83,1228.6205
2019-03-23,1085.33,Alta vazao,1796.6172,1702.7048,1704.1317,1788.0724
2019-03-24,1120.23,Alta vazao,1386.712,1444.6958,1513.0988,1392.6919
2019-03-25,1056.22,Alta vazao,1226.0159,1205.9806,1279.3118,1178.025
2019-03-26,966.58,Alta vazao,1113.8656,1073.2223,1104.5154,1069.697
2019-03-27,857.7,Normal,1004.8413,961.5653,994.85016,972.9843
2019-03-28,769.18,Normal,917.9403,866.5865,895.3054,888.62994
2019-03-29,654.87,Normal,822.9589,765.24176,782.70795,798.4836
2019-03-30,572.64,Normal,775.92474,670.47406,687.4452,712.5672
2019-03-31,514.19,Normal,703.15955,614.5048,627.8592,655.34155
2019-04-01,489.41,Normal,635.46497,570.65985,580.5283,612.8398
2019-04-02,459.46,Normal,746.90027,660.7278,678.6089,719.7459
2019-04-03,438.69,Normal,728.3895,650.7082,656.31146,702.1337
2019-04-04,453.27,Normal,756.9518,684.8916,680.63824,735.41364
2019-04-05,427.5,Normal,666.1512,599.6766,611.02905,643.2207
2019-04-06,409.73,Normal,710.6643,576.1175,572.50494,632.12054
2019-04-07,405.24,Normal,712.6756,527.5887,533.4373,584.2686
2019-04-08,413.47,Normal,875.039,523.57697,522.2935,770.7592
2019-04-09,409.1,Normal,646.1803,522.85474,539.4644,566.8044
2019-04-10,418.78,Normal,629.8552,522.6259,531.1965,557.549
2019-04-11,438.55,Normal,573.59204,567.59357,539.6488,585.3673
2019-04-12,436.91,Normal,584.9358,546.0384,560.0328,565.7931
2019-04-13,431.86,Normal,579.39795,547.26636,545.8575,559.6699
2019-04-14,415.82,Normal,557.56903,518.74457,512.4045,541.9171
2019-04-15,397.73,Normal,606.82886,495.81195,487.5907,524.4315
2019-04-16,386.0,Normal,693.2539,530.5787,497.00012,553.71515
2019-04-17,392.96,Normal,707.032,647.3363,602.0025,609.36993
2019-04-18,425.02,Normal,833.27295,913.1135,797.6748,796.621
2019-04-19,487.43,Normal,714.76044,762.8482,844.65137,678.7291
2019-04-20,557.0,Normal,697.4185,727.189,768.7492,691.01373
2019-04-21,577.0,Normal,657.91974,633.9124,653.7421,629.4709
2019-04-22,527.33,Normal,615.60266,585.97797,592.3809,600.3793
2019-04-23,457.59,Normal,608.6382,553.04,558.94086,576.425
2019-04-24,417.63,Normal,601.03784,555.88513,531.4967,572.26154
2019-04-25,378.05,Normal,541.3397,514.25616,492.6125,546.63245
2019-04-26,357.98,Normal,469.34167,460.87817,457.00452,486.7348
2019-04-27,348.05,Normal,479.51904,430.73404,434.4664,462.3489
2019-04-28,338.19,Normal,433.45227,412.99347,424.77988,448.6948
2019-04-29,327.05,Normal,421.81137,395.74924,409.42386,437.02322
2019-04-30,318.31,Normal,401.4815,386.45807,398.10632,429.2108
2019-05-01,308.28,Normal,425.9525,384.69037,400.26672,428.97464
2019-05-02,317.1,Normal,397.669,375.1964,398.56107,416.01828
2019-05-03,317.31,Normal,558.6013,431.46515,458.59924,490.3669
2019-05-04,317.24,Normal,505.28,438.06964,460.9444,512.49713
2019-05-05,329.05,Normal,545.43634,448.83887,447.72333,508.0071
2019-05-06,329.28,Normal,533.6944,413.34393,424.23685,523.48883
2019-05-07,329.17,Normal,414.2326,375.0984,394.23248,432.6655
2019-05-08,332.19,Normal,370.94763,346.3668,361.14624,396.57425
2019-05-09,329.48,Normal,367.47806,340.48676,355.6691,390.23782
2019-05-10,319.48,Normal,371.75055,330.50348,347.52914,380.06223
2019-05-11,299.54,Normal,357.04715,333.91833,341.01767,379.6237
2019-05-12,302.49,Normal,337.83698,316.36935,329.35907,358.65897
2019-05-13,299.51,Normal,330.25183,310.73914,322.3161,350.42703
2019-05-14,299.63,Normal,326.41098,309.66812,321.0099,345.52246
2019-05-15,294.56,Normal,317.9092,302.75623,313.59027,336.39563
2019-05-16,289.58,Normal,749.89514,309.8733,318.20563,552.36835
2019-05-17,309.4,Normal,594.48083,364.13666,360.2106,526.3192
2019-05-18,378.21,Normal,742.8264,389.66235,376.51187,517.344
2019-05-19,437.94,Normal,484.67456,379.2994,377.32166,545.2972
2019-05-20,412.05,Normal,455.53333,369.65604,364.3303,479.4255
2019-05-21,408.37,Normal,471.90295,384.498,380.43927,503.18405
2019-05-22,418.2,Normal,529.9629,427.12546,430.60596,556.7159
2019-05-23,408.16,Normal,523.5505,404.29443,418.8887,553.02686
2019-05-24,378.51,Normal,494.0095,370.92743,382.65845,526.4539
2019-05-25,338.58,Normal,505.03726,351.2042,362.20575,514.86584
2019-05-26,318.68,Normal,483.53174,352.82147,364.3464,516.57935
2019-05-27,312.86,Normal,415.9793,330.09882,341.7799,442.92987
2019-05-28,281.09,Normal,366.6272,302.29892,314.21893,393.7009
2019-05-29,271.14,Normal,332.18082,278.35028,289.80206,359.5559
2019-05-30,261.19,Normal,308.4027,266.9359,278.90817,334.1138
2019-05-31,251.23,Normal,285.1214,255.68802,267.9989,303.9368
2019-06-01,244.37,Normal,276.10864,248.84203,260.1354,292.82834
2019-06-02,231.49,Normal,253.79231,232.83725,242.54565,268.10822
2019-06-03,231.65,Normal,257.7475,235.65305,247.31433,271.4225
2019-06-04,231.58,Normal,252.89613,231.8729,242.64877,266.03705
2019-06-05,231.53,Normal,317.1337,232.30891,246.85689,283.84827
2019-06-06,231.46,Normal,260.36115,227.21884,242.01273,256.16867
2019-06-07,221.68,Normal,238.42232,219.39581,231.67776,249.21506
2019-06-08,211.68,Normal,239.00288,220.09067,232.98747,249.64146
2019-06-09,217.56,Normal,240.26566,222.32303,235.6644,250.37804
2019-06-10,212.73,Normal,231.2965,212.33392,223.96689,240.72464
2019-06-11,201.03,Normal,228.14859,210.14996,221.04889,237.12012
2019-06-12,188.86,Normal,227.54881,210.24847,222.76813,235.48798
2019-06-13,191.09,Normal,227.02788,209.57927,222.17256,234.86653
2019-06-14,191.93,Normal,226.51839,208.79846,220.94687,233.9301
2019-06-15,184.02,Normal,225.2867,208.21556,220.59695,232.58365
2019-06-16,184.06,Normal,220.57378,203.22873,214.75343,227.8498
2019-06-17,173.96,Normal,216.85173,199.08722,209.84834,223.64093
2019-06-18,174.17,Normal,215.46794,197.10391,207.80853,222.46475
2019-06-19,164.15,Normal,212.59517,194.91597,206.7233,218.72101
2019-06-20,159.4,Normal,212.3636,194.5877,206.89053,218.38924
2019-06-21,171.26,Normal,208.5547,190.8019,202.93698,213.55838
2019-06-22,169.27,Normal,203.2403,183.84053,195.46048,207.51132
2019-06-23,161.4,Normal,199.91258,181.01883,193.3967,203.31253
2019-06-24,149.23,Baixa vazao,198.19902,179.64482,191.6506,201.47778
2019-06-25,142.55,Baixa vazao,195.60191,176.82567,189.62152,198.33585
2019-06-26,133.44,Baixa vazao,193.7275,175.45987,187.77734,196.00278
2019-06-27,142.4,Baixa vazao,195.55064,178.77441,191.06726,197.57375
2019-06-28,141.52,Baixa vazao,192.63509,173.4242,184.67712,193.85478
2019-06-29,141.32,Baixa vazao,187.45259,167.51987,176.8165,188.89917
2019-06-30,141.55,Baixa vazao,188.1772,168.40732,178.57858,189.24681
2019-07-01,131.48,Baixa vazao,183.40761,164.59265,174.22833,184.37895
2019-07-02,134.65,Baixa vazao,182.00166,162.02274,170.88571,182.861
2019-07-03,130.24,Baixa vazao,181.05405,161.58415,170.59706,181.52527
2019-07-04,133.16,Baixa vazao,185.55945,162.78076,172.15245,181.28702
2019-07-05,134.94,Baixa vazao,183.00117,162.21024,171.22287,181.26079
2019-07-06,131.27,Baixa vazao,174.66895,155.1529,162.96924,174.75424
2019-07-07,134.82,Baixa vazao,173.51869,154.58371,162.01929,173.57324
2019-07-08,133.44,Baixa vazao,169.7709,150.71484,158.06683,169.66109
2019-07-09,137.57,Baixa vazao,167.2958,149.50594,156.1795,167.07797
2019-07-10,142.57,Baixa vazao,166.27824,148.31223,154.72017,166.0663
2019-07-11,143.92,Baixa vazao,165.35728,146.89088,154.73207,164.47913
2019-07-12,147.48,Baixa vazao,165.95622,148.29526,156.01959,164.88098
2019-07-13,151.09,Baixa vazao,159.22533,140.84685,147.90735,158.95859
2019-07-14,147.94,Baixa vazao,157.14746,138.48537,144.9646,157.05766
2019-07-15,148.89,Baixa vazao,157.56993,140.97473,147.68063,157.02255
2019-07-16,146.33,Baixa vazao,157.5652,140.95229,147.45343,157.02255
2019-07-17,153.5,Baixa vazao,155.89832,138.6178,144.89397,155.58179
2019-07-18,146.57,Baixa vazao,159.68631,143.13641,149.28383,158.91774
2019-07-19,140.92,Baixa vazao,158.82411,141.51685,148.83363,157.53827
2019-07-20,134.53,Baixa vazao,153.75432,135.34517,141.75381,153.12372
2019-07-21,130.62,Baixa vazao,153.27478,136.00642,142.05833,152.5488
2019-07-22,131.98,Baixa vazao,148.47604,130.26514,137.04721,147.77286
2019-07-23,139.5,Baixa vazao,147.9952,129.75067,136.5506,147.2956
2019-07-24,133.37,Baixa vazao,144.87065,126.64084,133.61627,144.21835
2019-07-25,132.64,Baixa vazao,147.0056,129.0734,136.37585,146.04376
2019-07-26,138.94,Baixa vazao,155.53561,139.5348,149.62695,152.46986
2019-07-27,135.58,Baixa vazao,154.70998,138.24054,147.7771,151.93515
2019-07-28,121.69,Baixa vazao,154.89226,138.14581,148.12764,151.80173
2019-07-29,124.66,Baixa vazao,148.87102,131.72287,140.21228,146.60625
2019-07-30,126.86,Baixa vazao,147.67253,130.30379,137.87598,145.57816
2019-07-31,122.69,Baixa vazao,145.47284,128.5682,135.62741,143.61133
2019-08-01,119.49,Baixa vazao,136.37001,121.14201,126.897835,137.44646
2019-08-02,117.42,Baixa vazao,142.03336,123.65584,131.05486,140.57907
2019-08-03,116.71,Baixa vazao,136.15672,117.03268,123.453995,135.88284
2019-08-04,113.03,Baixa vazao,142.58908,122.05594,129.7603,141.17455
2019-08-05,113.0,Baixa vazao,135.70029,119.0204,125.67833,137.45056
2019-08-06,111.9,Baixa vazao,132.6034,118.86076,122.49485,136.12842
2019-08-07,110.1,Baixa vazao,141.21234,118.88672,122.335175,136.55376
2019-08-08,104.28,Baixa vazao,131.77281,116.66878,121.9401,131.63272
2019-08-09,114.0,Baixa vazao,137.70934,121.88716,128.37038,136.6532
2019-08-10,111.66,Baixa vazao,127.37319,110.32234,116.13036,128.64255
2019-08-11,104.06,Baixa vazao,128.68866,112.98984,119.3039,128.67499
2019-08-12,104.0,Baixa vazao,130.85005,115.47612,121.82255,130.32364
2019-08-13,104.92,Baixa vazao,131.1567,117.70435,119.62133,131.8602
2019-08-14,104.08,Baixa vazao,128.70064,116.19513,115.97326,130.20589
2019-08-15,104.0,Baixa vazao,129.99162,116.64746,115.84174,131.5618
2019-08-16,104.0,Baixa vazao,127.29211,113.2225,112.03525,129.4082
2019-08-17,94.19,Baixa vazao,123.500656,110.16466,108.225174,126.16867
2019-08-18,94.37,Baixa vazao,124.530556,111.3193,109.21796,127.010895
2019-08-19,95.28,Baixa vazao,123.18752,109.61595,107.43064,126.16867
2019-08-20,95.27,Baixa vazao,125.406624,112.48973,110.314,127.86444
2019-08-21,95.22,Baixa vazao,124.29475,111.406105,109.25464,126.98468
2019-08-22,100.79,Baixa vazao,123.07282,111.60747,109.309074,125.71686
2019-08-23,93.28,Baixa vazao,119.203766,109.33165,106.24012,122.49077
2019-08-24,86.51,Baixa vazao,118.89691,109.936905,107.141396,122.04225
2019-08-25,76.82,Baixa vazao,126.09797,111.41562,109.473946,128.284
2019-08-26,75.89,Baixa vazao,120.881065,108.58108,107.431656,123.47417
2019-08-27,72.83,Baixa vazao,115.307335,105.46706,103.57138,119.04091
2019-08-28,69.44,Baixa vazao,117.89167,105.86811,104.273186,121.33812
2019-08-29,70.28,Baixa vazao,111.62647,101.797005,99.70034,115.70436
2019-08-30,65.89,Baixa vazao,109.140816,99.59863,97.522575,113.77896
2019-08-31,64.88,Baixa vazao,111.66437,101.21362,99.264984,115.83147
2019-09-01,67.5,Baixa vazao,117.43275,107.34585,105.36207,120.25438
2019-09-02,71.67,Baixa vazao,117.78878,108.38025,105.977516,120.24446
2019-09-03,62.35,Baixa vazao,124.2947,112.922226,111.350784,125.44682
2019-09-04,68.33,Baixa vazao,121.43951,111.836426,109.83741,122.87178
2019-09-05,66.88,Baixa vazao,115.16948,105.15548,103.44022,117.69069
2019-09-06,58.31,Baixa vazao,118.026665,108.10079,106.912025,119.64931
2019-09-07,63.87,Baixa vazao,123.90705,116.01519,114.96909,123.81973
2019-09-08,53.76,Baixa vazao,110.11124,101.63626,101.18438,112.6163
2019-09-09,51.44,Baixa vazao,109.48801,99.539,99.366936,112.33008
2019-09-10,48.68,Baixa vazao,112.0498,99.19292,99.88661,114.78404
2019-09-11,49.72,Baixa vazao,105.689316,94.00376,94.364586,109.72194
2019-09-12,50.2,Baixa vazao,84.97616,77.418465,76.16629,93.880844
2019-09-13,52.98,Baixa vazao,89.115685,79.86195,79.34295,96.971146
2019-09-14,47.73,Baixa vazao,92.752975,81.567474,81.667114,100.42395
2019-09-15,48.71,Baixa vazao,96.04503,82.56259,83.53253,103.32767
2019-09-16,45.51,Baixa vazao,95.06974,81.77739,82.93153,102.54521
2019-09-17,49.66,Baixa vazao,90.824135,79.332886,80.54227,99.02585
2019-09-18,45.7,Baixa vazao,92.07717,80.82295,81.79226,99.38672
2019-09-19,54.23,Baixa vazao,94.26332,81.57078,82.78315,101.297226
2019-09-20,44.68,Baixa vazao,95.8379,81.50895,84.44898,102.70543
2019-09-21,47.53,Baixa vazao,94.92596,77.161285,80.14329,103.52573
2019-09-22,49.3,Baixa vazao,90.033165,76.04586,78.753204,98.900375
2019-09-23,43.4,Baixa vazao,87.00036,73.776596,76.47146,96.55725
2019-09-24,43.9,Baixa vazao,84.46827,93.19913,78.53546,110.41951
2019-09-25,45.36,Baixa vazao,86.27531,73.85843,76.51104,95.90187
2019-09-26,42.35,Baixa vazao,145.45851,72.161736,79.08952,96.385544
2019-09-27,45.9,Baixa vazao,272.76273,128.55054,98.86699,144.9723
2019-09-28,51.42,Baixa vazao,224.63887,124.476364,124.51047,138.90738
2019-09-29,57.28,Baixa vazao,141.8803,136.30356,147.33032,140.38899
2019-09-30,65.88,Baixa vazao,155.56718,169.23962,187.59677,147.01424
2019-10-01,77.06,Baixa vazao,150.1386,154.05765,153.01775,148.5785
2019-10-02,70.59,Baixa vazao,155.13094,151.82054,141.7396,155.34622
2019-10-03,59.88,Baixa vazao,135.96568,129.47318,124.68754,136.59024
2019-10-04,58.45,Baixa vazao,118.28698,113.48856,107.329926,121.3295
2019-10-05,52.74,Baixa vazao,113.311745,106.973366,102.660934,116.97945
2019-10-06,44.9,Baixa vazao,103.35793,96.32205,95.45528,107.89424
2019-10-07,47.06,Baixa vazao,83.912224,78.77931,80.339615,91.76198
2019-10-08,42.66,Baixa vazao,75.28352,71.682556,75.84291,84.03932
2019-10-09,55.39,Baixa vazao,53.072086,62.85327,67.16309,73.331955
2019-10-10,53.3,Baixa vazao,145.29631,62.74047,68.725006,89.79085
2019-10-11,56.89,Baixa vazao,154.8307,66.52019,78.677315,90.682175
2019-10-12,62.18,Baixa vazao,233.76192,84.68305,98.29347,93.92166
2019-10-13,62.09,Baixa vazao,95.703636,82.479256,98.129234,102.00131
2019-10-14,55.81,Baixa vazao,151.15367,94.26711,113.65896,122.6906
2019-10-15,52.76,Baixa vazao,177.91653,101.39028,117.309265,131.28954
2019-10-16,44.59,Baixa vazao,193.14207,100.097176,114.19894,129.22342
2019-10-17,51.0,Baixa vazao,109.70621,89.97,99.88662,114.175
2019-10-18,52.39,Baixa vazao,93.84585,78.39465,86.16483,101.42717
2019-10-19,52.39,Baixa vazao,82.14653,69.73213,76.18084,91.76715
2019-10-20,51.0,Baixa vazao,92.953415,66.329346,72.299355,87.73767
2019-10-21,56.86,Baixa vazao,62.76256,61.989666,67.812874,83.27879
2019-10-22,57.79,Baixa vazao,67.08396,59.581463,65.36029,80.241486
2019-10-23,61.56,Baixa vazao,98.070366,72.93119,77.96511,87.14163
2019-10-24,64.34,Baixa vazao,87.377396,70.868996,76.259995,85.1725
2019-10-25,59.37,Baixa vazao,130.86395,73.24665,79.388954,91.12111
2019-10-26,58.48,Baixa vazao,83.74549,88.60324,95.53227,91.51987
2019-10-27,71.2,Baixa vazao,94.21073,89.48215,96.086426,99.03342
2019-10-28,72.13,Baixa vazao,108.27322,100.180046,89.30422,109.20024
2019-10-29,77.3,Baixa vazao,98.02732,92.22862,94.06134,103.248764
2019-10-30,85.63,Baixa vazao,110.46343,112.043816,111.38809,112.45813
2019-10-31,103.72,Baixa vazao,326.8973,185.19193,134.69028,258.04013
2019-11-01,108.78,Baixa vazao,301.0726,209.33652,161.47061,231.70944
2019-11-02,113.48,Baixa vazao,187.66647,188.926,158.48323,172.70383
2019-11-03,116.33,Baixa vazao,211.59583,164.5213,143.76617,236.27176
2019-11-04,113.35,Baixa vazao,157.1595,147.95554,137.02444,147.8202
2019-11-05,108.4,Baixa vazao,142.65579,135.11404,122.98058,148.39302
2019-11-06,121.82,Baixa vazao,133.72403,115.337685,111.943886,138.39076
2019-11-07,121.2,Baixa vazao,233.4986,111.1852,110.48447,141.65173
2019-11-08,136.02,Baixa vazao,133.01234,96.15506,100.069885,120.03111
2019-11-09,160.79,Normal,122.04863,91.643326,98.4222,114.89114
2019-11-10,181.0,Normal,189.7924,139.68182,115.412125,136.09274
2019-11-11,165.27,Normal,233.96107,153.06125,144.76389,140.05354
2019-11-12,156.76,Normal,126.460175,145.71945,139.00345,131.33392
2019-11-13,163.37,Normal,122.1648,133.84077,126.60834,133.02579
2019-11-14,182.99,Normal,114.2315,113.28262,111.45791,122.51787
2019-11-15,201.13,Normal,166.30919,128.17572,129.17587,118.07933
2019-11-16,226.75,Normal,180.51845,123.7719,121.205635,124.42534
2019-11-17,261.01,Normal,174.2105,187.59602,189.51802,208.548
2019-11-18,240.94,Normal,158.18025,191.40845,188.27017,139.0047
2019-11-19,234.0,Normal,191.81337,214.6037,187.35507,206.64883
2019-11-20,246.57,Normal,189.6885,215.1155,206.79037,158.6434
2019-11-21,271.57,Normal,335.8223,298.99243,332.73157,265.6379
2019-11-22,319.85,Normal,456.12,279.43762,294.511,215.67004
2019-11-23,332.64,Normal,274.2273,256.4327,272.78696,242.46094
2019-11-24,332.53,Normal,407.60596,309.8474,325.216,287.71185
2019-11-25,323.89,Normal,316.93616,319.48175,336.04486,247.26855
2019-11-26,338.16,Normal,334.68622,307.83026,326.96362,287.94385
2019-11-27,334.09,Normal,314.0476,288.53198,309.7845,276.28467
2019-11-28,316.96,Normal,263.52185,263.8623,281.77676,270.23233
2019-11-29,287.33,Normal,398.64325,243.7427,274.53302,249.71053
2019-11-30,370.67,Normal,761.2593,302.18027,328.12,452.8032
2019-12-01,418.67,Normal,557.0876,313.97955,336.46185,585.45795
2019-12-02,450.0,Normal,513.7673,349.2145,376.14136,471.30502
2019-12-03,556.02,Normal,1026.4105,490.51184,580.535,1113.2101
2019-12-04,547.38,Normal,666.9766,582.61523,600.1442,583.6413
2019-12-05,536.78,Normal,1046.9812,636.27655,644.24115,982.1961
2019-12-06,561.54,Normal,906.0415,582.971,643.54755,873.24884
2019-12-07,611.67,Normal,945.9304,601.3707,661.2746,845.38763
2019-12-08,585.67,Normal,991.4486,657.51385,694.2616,710.99805
2019-12-09,616.22,Normal,1018.99963,697.77246,690.47723,789.62854
2019-12-10,652.72,Normal,916.3018,657.2582,581.7563,651.021
2019-12-11,701.11,Normal,1143.4907,745.8022,645.8988,872.7511
2019-12-12,867.0,Normal,876.35474,693.92487,625.93756,797.6153
2019-12-13,818.78,Normal,872.3613,1121.313,917.1712,836.8841
2019-12-14,1115.29,Alta vazao,809.92847,1198.5232,1262.6439,876.2757
2019-12-15,1179.94,Alta vazao,1135.0026,1314.9927,1310.6598,1134.9579
2019-12-16,1123.39,Alta vazao,948.4287,1167.0901,1262.1139,1016.25366
2019-12-17,1009.96,Alta vazao,806.89417,943.96893,1005.5428,855.93744
2019-12-18,930.8,Alta vazao,732.26855,757.91595,809.76013,736.6331
2019-12-19,843.76,Normal,560.3706,577.99713,623.87836,587.2022
2019-12-20,743.69,Normal,647.901,467.16898,504.97046,477.2932
2019-12-21,674.7,Normal,581.3948,430.21,523.5594,528.13385
2019-12-22,629.33,Normal,481.49176,548.3653,591.309,508.50473
2019-12-23,578.41,Normal,463.44305,590.278,659.8116,501.77295
2019-12-24,560.74,Normal,602.7866,589.936,586.53314,543.419
2019-12-25,574.24,Normal,645.6876,577.6718,589.90063,532.4152
2019-12-26,589.12,Normal,727.21204,631.6225,675.5423,533.89056
2019-12-27,670.14,Normal,555.4418,599.3975,628.4381,561.03973
2019-12-28,689.35,Normal,572.5444,574.9934,616.2731,564.54034
2019-12-29,667.82,Normal,509.12402,510.679,543.39325,525.74756
2019-12-30,641.67,Normal,451.34375,427.1125,451.56036,451.10648
2019-12-31,572.74,Normal,368.4393,352.86957,372.39142,380.6025
2020-01-01,512.58,Normal,330.03802,316.05206,330.30585,344.15884
2020-01-02,447.15,Normal,286.68756,272.62466,287.08868,295.8356
2020-01-03,410.11,Normal,483.85132,439.00015,512.36835,308.68356
2020-01-04,419.37,Normal,454.36615,376.25354,388.7198,407.2147
2020-01-05,456.41,Normal,651.60486,489.32532,549.29803,529.907
2020-01-06,596.69,Normal,584.7679,530.3834,634.19116,411.80344
2020-01-07,697.61,Normal,563.9394,566.86945,682.243,481.3475
2020-01-08,760.83,Normal,641.6415,628.5212,705.28986,618.2902
2020-01-09,800.56,Normal,601.8934,684.4882,775.9637,619.2716
2020-01-10,806.35,Normal,766.1017,671.065,729.60565,606.5372
2020-01-11,789.52,Normal,502.1659,626.7523,673.7721,560.8654
2020-01-12,736.57,Normal,514.82916,568.6289,606.4773,541.5988
2020-01-13,707.75,Normal,495.9776,521.73615,553.3268,505.5255
2020-01-14,663.08,Normal,429.99716,455.77545,490.48706,445.80222
2020-01-15,606.02,Normal,409.5262,445.62564,503.59286,406.31003
2020-01-16,572.13,Normal,534.17004,472.76367,545.605,395.95206
2020-01-17,549.63,Normal,601.32935,533.31696,598.116,476.17203
2020-01-18,546.76,Normal,1119.2332,713.67865,856.5836,523.866
2020-01-19,565.74,Normal,809.67377,740.33356,834.2094,686.9679
2020-01-20,603.7,Normal,649.77344,844.5724,759.97955,704.1065
2020-01-21,629.51,Normal,841.00745,964.55023,680.4131,800.1001
2020-01-22,682.38,Normal,830.2809,903.05316,738.55054,748.66626
2020-01-23,719.76,Normal,795.198,942.3172,814.408,814.8151
2020-01-24,797.93,Normal,1181.0402,1152.1077,1032.472,1010.51514
2020-01-25,1326.48,Alta vazao,2347.6763,2008.1842,1722.1165,2305.3015
2020-01-26,2155.96,Alta vazao,4220.6494,3798.9792,3059.0466,4524.3843
2020-01-27,2388.18,Alta vazao,2917.7056,3136.3113,3021.395,3223.2358
2020-01-28,2636.32,Alta vazao,3059.659,2866.5042,2993.8982,3037.1475
2020-01-29,2792.86,Alta vazao,2530.2422,2587.2031,2583.9475,2739.6387
2020-01-30,2589.38,Alta vazao,2100.8918,2339.5476,2317.1338,2157.8599
2020-01-31,2149.96,Alta vazao,1711.434,1927.8098,2075.6646,1814.0807
2020-02-01,1888.33,Alta vazao,1614.6232,1822.3842,1945.0194,1697.9747
2020-02-02,1791.27,Alta vazao,1464.4912,1704.792,1812.1099,1536.9952
2020-02-03,1712.4,Alta vazao,1534.6985,1584.1204,1668.7219,1420.024
2020-02-04,1576.45,Alta vazao,1271.7653,1454.2053,1563.663,1267.7343
2020-02-05,1428.69,Alta vazao,1250.7378,1553.3782,1438.9218,1354.8527
2020-02-06,1448.7,Alta vazao,1669.3834,1552.9258,1526.4546,1470.4423
2020-02-07,1541.48,Alta vazao,1812.5459,1635.8821,1647.8932,1460.0355
2020-02-08,1600.43,Alta vazao,1732.0942,1544.8503,1826.6459,1487.674
2020-02-09,1698.46,Alta vazao,2097.3657,1918.4506,1908.0372,2078.224
2020-02-10,1761.04,Alta vazao,1928.7682,1708.1248,1908.413,1803.6753
2020-02-11,1709.55,Alta vazao,1656.348,1622.2837,1768.145,1626.3585
2020-02-12,1646.35,Alta vazao,1620.0691,1600.8389,1692.9623,1517.826
2020-02-13,1677.24,Alta vazao,1805.7646,1749.1927,1955.9789,1615.611
2020-02-14,1723.38,Alta vazao,2399.2031,2004.7892,1802.6981,2378.2217
2020-02-15,1814.96,Alta vazao,2546.3164,2579.4194,2161.4707,2997.2812
2020-02-16,1892.48,Alta vazao,2459.6104,2332.0564,2202.704,2599.7795
2020-02-17,1907.52,Alta vazao,2333.4336,2188.333,2034.8291,2393.391
2020-02-18,1921.78,Alta vazao,2257.9072,2111.1108,2074.4873,2223.7188
2020-02-19,1903.26,Alta vazao,2105.3438,2088.5117,1999.4432,2253.9807
2020-02-20,1842.55,Alta vazao,1871.6365,1964.7714,2047.0023,1969.3022
2020-02-21,1760.56,Alta vazao,1728.2942,1809.1606,1871.2698,1830.5842
2020-02-22,1674.52,Alta vazao,1573.5411,1562.3191,1628.0194,1611.8995
2020-02-23,1612.24,Alta vazao,1463.5638,1450.0375,1533.4377,1448.7903
2020-02-24,1636.0,Alta vazao,1580.6095,1545.602,1596.9031,1631.1512
2020-02-25,1657.69,Alta vazao,1596.0768,1513.1923,1525.3109,1510.0167
2020-02-26,1612.22,Alta vazao,1863.1295,1649.3962,1512.0424,1830.83
2020-02-27,1626.96,Alta vazao,1865.9158,1996.5251,1547.3502,1898.8937
2020-02-28,1628.91,Alta vazao,1890.2479,1921.387,1713.1122,1891.4034
2020-02-29,1689.94,Alta vazao,2229.1118,1879.9467,1839.2767,2086.8318
2020-03-01,1863.26,Alta vazao,2973.3281,2373.1172,2029.8295,2942.4976
2020-03-02,1964.11,Alta vazao,3027.9263,2521.4531,2158.819,2790.832
2020-03-03,2201.52,Alta vazao,3596.62,3105.1157,2712.2732,3694.8164
2020-03-04,2406.93,Alta vazao,2980.9243,3039.3594,2765.5056,3078.5928
2020-03-05,2528.39,Alta vazao,2941.7966,2855.323,2808.5107,3007.8604
2020-03-06,2546.76,Alta vazao,2629.806,2546.1138,2769.2048,2469.5505
2020-03-07,2497.44,Alta vazao,2364.433,2438.9614,2570.51,2284.618
2020-03-08,2383.59,Alta vazao,2300.8867,2302.6594,2334.0918,2321.6743
2020-03-09,2212.23,Alta vazao,1955.4811,2045.5508,2001.0087,1919.3147
2020-03-10,2059.13,Alta vazao,1772.0211,1946.2435,1894.9073,1818.5775
2020-03-11,1950.61,Alta vazao,1698.4365,1850.0854,1811.463,1742.3478
2020-03-12,1881.42,Alta vazao,1654.8815,1773.2264,1741.1185,1692.1547
2020-03-13,1813.23,Alta vazao,1629.7006,1734.043,1651.107,1671.4996
2020-03-14,1658.7,Alta vazao,1592.0387,1672.5005,1605.8732,1627.6857
2020-03-15,1587.31,Alta vazao,1569.1991,1625.1538,1579.1896,1584.9541
2020-03-16,1520.78,Alta vazao,1519.0963,1577.3157,1532.929,1541.8583
2020-03-17,1380.19,Alta vazao,1474.6512,1527.2739,1473.336,1497.3512
2020-03-18,1319.81,Alta vazao,1415.8737,1460.1724,1404.4707,1434.3822
2020-03-19,1257.24,Alta vazao,1376.0321,1375.8704,1312.8986,1350.9447
2020-03-20,1232.22,Alta vazao,1349.8612,1313.5059,1245.5331,1342.6748
2020-03-21,1227.4,Alta vazao,1397.2852,1291.3431,1237.6814,1273.873
2020-03-22,1307.94,Alta vazao,1487.0846,1349.7471,1326.217,1390.8927
2020-03-23,1398.48,Alta vazao,1593.983,1458.5852,1392.0314,1599.7906
2020-03-24,1395.0,Alta vazao,1795.2391,1439.6194,1412.2622,1577.0045
2020-03-25,1288.67,Alta vazao,1135.4275,1278.491,1216.8004,1200.086
2020-03-26,1193.29,Alta vazao,940.3097,1096.8071,1041.7845,998.00824
2020-03-27,1045.25,Alta vazao,872.29175,1015.4139,958.20996,932.858
2020-03-28,928.78,Alta vazao,808.7385,943.7717,882.1716,870.25635
2020-03-29,849.35,Normal,762.59924,882.32416,817.0363,815.5947
2020-03-30,751.83,Normal,721.3512,838.02435,771.94104,774.61017
2020-03-31,685.97,Normal,689.43146,809.77875,745.04553,745.06305
2020-04-01,726.07,Normal,695.33606,785.1961,725.73816,722.9546
2020-04-02,725.74,Normal,794.84924,862.7881,827.7386,757.00616
2020-04-03,739.41,Normal,830.3386,964.631,963.12384,792.84973
2020-04-04,813.65,Normal,886.1946,1001.4164,975.1921,855.7879
2020-04-05,837.39,Normal,856.83105,979.6784,921.0003,878.2674
2020-04-06,850.7,Normal,773.79285,931.25696,860.51733,834.16144
2020-04-07,762.32,Normal,714.58636,863.29315,797.1116,774.238
2020-04-08,721.83,Normal,963.56445,785.4089,727.00836,820.05426
2020-04-09,691.66,Normal,730.71716,794.21844,758.95605,718.43
2020-04-10,655.72,Normal,700.6758,828.03253,812.67755,735.8007
2020-04-11,645.43,Normal,771.0327,858.76544,835.3896,762.3763
2020-04-12,664.76,Normal,836.4493,908.5147,872.63513,819.2447
2020-04-13,683.09,Normal,784.5008,876.0744,853.8751,786.9837
2020-04-14,678.84,Normal,760.32385,813.49664,782.0467,720.3837
2020-04-15,663.5,Normal,648.6635,764.8983,728.93243,683.10974
2020-04-16,642.57,Normal,640.68896,722.3078,692.78723,653.95715
2020-04-17,609.7,Normal,704.8235,731.2231,721.61615,650.5003
2020-04-18,586.13,Normal,600.2756,718.5099,696.81976,638.52484
2020-04-19,559.97,Normal,585.8435,687.0102,657.45856,627.9141
2020-04-20,545.41,Normal,650.90955,654.8057,628.1182,649.4044
2020-04-21,523.32,Normal,537.61053,612.82587,583.7613,572.5982
2020-04-22,503.46,Normal,530.1969,602.1889,575.8423,563.4234
2020-04-23,482.25,Normal,512.2251,581.5496,555.56866,544.8817
2020-04-24,470.76,Normal,502.17914,556.47845,531.9543,527.9428
2020-04-25,442.95,Normal,480.55255,534.2713,519.94434,504.8
2020-04-26,444.4,Normal,471.54803,523.20544,507.89716,498.6209
2020-04-27,442.76,Normal,466.77206,516.425,503.7224,492.2731
2020-04-28,432.83,Normal,456.90466,501.1763,487.85217,481.41052
2020-04-29,429.46,Normal,441.1283,481.87976,467.36517,464.17105
2020-04-30,414.99,Normal,426.6613,463.64725,446.38843,448.15796
2020-05-01,410.86,Normal,415.7675,449.3023,430.25018,436.0655
2020-05-02,407.65,Normal,405.10492,437.80316,420.52737,425.95087
2020-05-03,399.18,Normal,400.8697,431.62714,413.28662,420.66068
2020-05-04,400.12,Normal,395.51212,420.24207,400.58344,412.30295
2020-05-05,386.94,Normal,382.27914,405.72382,388.55298,401.96176
2020-05-06,381.24,Normal,378.156,403.26593,387.90845,396.8691
2020-05-07,380.24,Normal,374.35785,401.58606,385.16086,393.47638
2020-05-08,381.91,Normal,371.86356,392.86987,376.7842,389.92416
2020-05-09,375.76,Normal,376.22113,392.0868,380.5741,387.18338
2020-05-10,369.54,Normal,367.33392,401.68158,390.1468,385.23672
2020-05-11,373.95,Normal,369.58923,403.40613,386.45706,389.39474
2020-05-12,362.2,Normal,365.37555,393.32846,373.62054,385.8121
2020-05-13,360.15,Normal,357.5311,383.0903,366.1018,377.0778
2020-05-14,362.25,Normal,349.0329,372.09534,355.22498,368.61215
2020-05-15,362.28,Normal,343.2019,365.91595,351.6597,363.1084
2020-05-16,350.85,Normal,397.6013,374.8491,363.31653,379.18408
2020-05-17,347.87,Normal,409.58292,384.02567,374.41595,395.06143
2020-05-18,349.92,Normal,443.31213,391.13165,378.13507,458.46024
2020-05-19,346.95,Normal,432.52197,388.88214,373.46082,377.80942
2020-05-20,329.31,Normal,359.83374,385.4416,369.05527,380.18008
2020-05-21,317.82,Normal,355.5265,375.00958,358.16113,371.98575
2020-05-22,320.84,Normal,345.2151,366.79105,353.02225,365.12158
2020-05-23,317.63,Normal,339.99036,359.3888,344.28308,360.15863
2020-05-24,317.63,Normal,361.92456,349.93658,333.92328,354.50052
2020-05-25,313.98,Normal,430.46835,365.9277,357.1645,428.8737
2020-05-26,329.25,Normal,477.49377,395.11313,387.50647,397.62338
2020-05-27,328.47,Normal,371.2062,412.31415,409.0818,395.48575
2020-05-28,338.56,Normal,383.10175,423.86038,420.33862,406.14334
2020-05-29,359.92,Normal,397.61874,421.07907,410.65353,419.9399
2020-05-30,351.66,Normal,379.43866,394.73077,386.75616,400.13156
2020-05-31,341.33,Normal,353.72525,369.63385,361.5372,374.84482
2020-06-01,353.02,Normal,336.3783,355.89102,348.4734,357.26505
2020-06-02,342.57,Normal,322.7968,343.77344,334.7818,343.539
2020-06-03,334.43,Normal,312.7786,332.37668,322.38892,332.5286
2020-06-04,337.55,Normal,309.0345,328.57462,321.30374,327.96622
2020-06-05,303.63,Normal,303.13666,320.01483,316.34235,320.10452
2020-06-06,273.26,Normal,294.89777,308.08557,300.84033,310.2753
2020-06-07,261.81,Normal,282.3265,291.8855,282.70416,295.9061
2020-06-08,260.14,Normal,275.40378,284.43164,273.6167,287.5145
2020-06-09,260.26,Normal,277.57593,289.23975,278.64716,290.175
2020-06-10,245.69,Normal,304.4025,289.20117,279.6674,289.2659
2020-06-11,251.57,Normal,275.72253,285.40594,275.28705,287.68118
2020-06-12,242.35,Normal,278.4721,289.70148,280.86203,290.63297
2020-06-13,245.21,Normal,271.65594,280.21014,271.24216,282.311
2020-06-14,242.14,Normal,265.85046,273.7096,263.06555,276.02545
2020-06-15,241.18,Normal,263.47787,269.61755,258.71307,273.1582
2020-06-16,239.91,Normal,258.50662,265.2395,253.78075,267.4886
2020-06-17,237.7,Normal,258.78815,266.1333,255.2425,267.3173
2020-06-18,235.58,Normal,257.25375,263.15723,252.91536,265.73254
2020-06-19,234.35,Normal,254.41655,261.09082,251.29218,262.13718
2020-06-20,230.56,Normal,249.40096,256.94357,248.09329,255.63298
2020-06-21,230.37,Normal,248.64381,254.98404,245.98068,254.82013
2020-06-22,219.16,Normal,247.12155,253.49753,245.36171,252.61319
2020-06-23,222.13,Normal,247.5743,253.20978,245.04932,253.23946
2020-06-24,224.07,Normal,245.0672,250.96625,243.5123,249.86447
2020-06-25,218.21,Normal,239.523,244.55743,236.65334,243.58524
2020-06-26,219.03,Normal,235.4406,238.82422,231.63426,238.7685
2020-06-27,210.89,Normal,235.26945,237.71803,231.23117,238.62978
2020-06-28,220.0,Normal,231.27834,234.03925,227.34343,234.09123
2020-06-29,214.58,Normal,226.74184,228.75888,222.59393,228.82422
2020-06-30,219.0,Normal,227.42557,229.46356,222.73712,229.46655
2020-07-01,217.24,Normal,224.13824,225.88525,219.84875,225.50691
2020-07-02,217.24,Normal,222.03798,223.79366,218.40674,222.9036
2020-07-03,212.19,Normal,238.19766,223.00864,217.4916,221.73126
2020-07-04,218.32,Normal,279.3178,226.02184,222.12308,312.908
2020-07-05,213.21,Normal,219.0432,222.14409,217.46893,219.07886
2020-07-06,210.28,Normal,218.43968,219.27072,214.94516,218.2754
2020-07-07,210.38,Normal,214.81422,214.83514,209.31224,214.46577
2020-07-08,206.1,Normal,212.15585,212.08635,206.77965,211.26088
2020-07-09,205.45,Normal,209.30093,209.24664,203.29318,208.10262
2020-07-10,208.24,Normal,206.31343,205.79715,198.92589,205.02281
2020-07-11,202.55,Normal,206.51665,205.65738,199.71222,204.90848
2020-07-12,205.33,Normal,203.74242,203.05128,196.02641,201.91928
2020-07-13,202.3,Normal,201.09576,200.35962,194.0796,198.74586
2020-07-14,206.33,Normal,201.12459,200.34924,193.83832,198.74586
2020-07-15,195.49,Normal,197.58884,196.23598,189.11139,195.04208
2020-07-16,195.45,Normal,193.97781,192.23041,184.44795,191.63864
2020-07-17,195.38,Normal,199.03006,198.68976,193.49976,196.1293
2020-07-18,198.51,Normal,193.10588,192.32675,186.0213,189.77863
2020-07-19,186.59,Normal,188.77568,187.5232,180.09808,185.86273
2020-07-20,186.57,Normal,188.82076,188.33636,180.95895,185.78912
2020-07-21,185.52,Normal,188.82945,188.33487,180.84204,185.78912
2020-07-22,185.6,Normal,187.92479,187.59354,180.99219,184.15817
2020-07-23,186.61,Normal,185.10555,185.13104,178.36165,181.28278
2020-07-24,176.69,Normal,184.12831,183.68446,177.3447,180.06604
2020-07-25,176.68,Normal,182.30751,181.58228,174.53705,178.40222
2020-07-26,180.61,Normal,181.59795,180.02501,172.72932,177.75525
2020-07-27,180.55,Normal,181.2613,180.66464,173.17542,177.12743
2020-07-28,170.81,Normal,183.24423,182.3786,173.15718,179.5809
2020-07-29,170.81,Normal,185.21674,185.16803,174.00887,182.0532
2020-07-30,176.54,Normal,183.30283,181.28839,170.57605,180.02771
2020-07-31,168.99,Normal,179.07484,176.66025,166.25415,175.65762
2020-08-01,170.06,Normal,177.37535,174.6468,165.38391,173.66708
2020-08-02,163.99,Normal,174.36261,173.08456,164.69325,169.96811
2020-08-03,166.04,Normal,173.23201,170.81712,162.9786,168.6661
2020-08-04,165.04,Normal,168.95581,167.35822,161.09749,163.94745
2020-08-05,165.91,Normal,168.98189,166.39313,160.52919,163.83383
2020-08-06,168.96,Normal,169.13527,167.39337,162.22714,163.54048
2020-08-07,172.0,Normal,170.62346,169.03131,165.44626,164.39171
2020-08-08,165.11,Normal,165.03261,161.49017,158.32315,159.15625
2020-08-09,166.07,Normal,162.10297,157.46701,155.64525,156.19289
2020-08-10,163.04,Normal,161.67314,157.7641,156.26219,155.61342
2020-08-11,160.04,Normal,157.74687,154.00897,153.10944,151.87231
2020-08-12,157.03,Normal,158.3044,153.91884,153.05542,152.33199
2020-08-13,150.03,Baixa vazao,158.59132,154.71626,154.56036,152.30353
2020-08-14,143.08,Baixa vazao,157.80103,153.10522,152.48175,151.78778
2020-08-15,138.13,Baixa vazao,156.77916,152.87602,152.30243,150.7417
2020-08-16,135.13,Baixa vazao,155.17079,150.88884,151.20912,149.06274
2020-08-17,144.15,Baixa vazao,152.83214,148.92139,148.54214,146.90288
2020-08-18,137.18,Baixa vazao,152.8305,148.91864,148.45007,146.90288
2020-08-19,143.21,Baixa vazao,148.83495,144.35251,144.05907,143.22418
2020-08-20,133.19,Baixa vazao,167.71794,143.05606,142.8046,142.61934
2020-08-21,143.13,Baixa vazao,144.92487,140.20918,140.16602,139.54274
2020-08-22,148.08,Baixa vazao,133.50294,133.74107,132.74518,136.11502
2020-08-23,144.51,Baixa vazao,191.9272,144.08353,147.59128,134.08061
2020-08-24,127.46,Baixa vazao,173.21022,153.13754,150.40755,186.43286
2020-08-25,135.35,Baixa vazao,148.65868,152.3358,153.67538,141.94096
2020-08-26,153.44,Baixa vazao,154.52864,160.795,161.59445,147.20786
2020-08-27,128.2,Baixa vazao,157.65477,161.74417,159.64548,150.89026
2020-08-28,124.66,Baixa vazao,155.09393,154.30717,152.31786,148.73868
2020-08-29,118.48,Baixa vazao,150.19492,147.63248,147.55374,143.89487
2020-08-30,117.72,Baixa vazao,146.28786,144.26778,144.94617,140.11731
2020-08-31,116.48,Baixa vazao,145.35301,143.08475,143.96028,139.11832
2020-09-01,114.31,Baixa vazao,141.2715,139.16077,139.73235,135.47205
2020-09-02,113.72,Baixa vazao,141.38744,138.795,139.3479,135.44705
2020-09-03,105.54,Baixa vazao,140.03227,137.37445,139.59512,133.73116
2020-09-04,130.38,Baixa vazao,135.56532,131.67104,132.79929,130.30447
2020-09-05,149.5,Baixa vazao,125.70568,121.53158,121.962746,122.8448
2020-09-06,133.18,Baixa vazao,122.27152,117.95563,119.092804,120.13321
2020-09-07,133.98,Baixa vazao,117.24462,113.36162,114.856346,116.265854
2020-09-08,122.04,Baixa vazao,117.676735,113.133804,114.390564,116.6631
2020-09-09,94.58,Baixa vazao,114.52225,110.466415,112.233986,114.014435
2020-09-10,99.99,Baixa vazao,113.0812,109.53687,111.69787,112.63051
2020-09-11,98.16,Baixa vazao,112.42377,108.698166,110.64297,112.078354
2020-09-12,90.89,Baixa vazao,109.04685,104.444496,106.80572,109.32988
2020-09-13,91.85,Baixa vazao,101.686516,97.39656,99.972496,103.71535
2020-09-14,88.2,Baixa vazao,98.50197,93.26048,95.574814,101.761536
2020-09-15,88.84,Baixa vazao,97.77529,92.36781,95.54327,100.82184
2020-09-16,93.66,Baixa vazao,95.96623,89.702774,92.47353,99.490875
2020-09-17,90.61,Baixa vazao,93.0487,87.46101,90.59335,96.87764
2020-09-18,94.29,Baixa vazao,92.22285,86.509705,90.35279,96.103134
2020-09-19,86.38,Baixa vazao,90.67437,86.11596,89.79746,94.54089
2020-09-20,90.89,Baixa vazao,90.19396,85.579216,89.24242,94.22603
2020-09-21,85.09,Baixa vazao,93.07751,88.78437,87.80813,96.98903
2020-09-22,83.25,Baixa vazao,94.52509,89.976906,89.57427,98.10513
2020-09-23,85.89,Baixa vazao,95.19445,95.26638,95.511795,102.000275
2020-09-24,83.09,Baixa vazao,93.80549,99.16002,99.09934,107.71449
2020-09-25,88.97,Baixa vazao,101.66017,106.94876,108.171486,104.940506
2020-09-26,92.74,Baixa vazao,112.44464,118.985,118.95051,111.59468
2020-09-27,97.55,Baixa vazao,120.59845,123.76278,120.59647,118.97931
2020-09-28,101.25,Baixa vazao,120.417984,119.17244,117.19746,119.10104
2020-09-29,100.44,Baixa vazao,117.25429,114.81883,114.51214,116.514145
2020-09-30,106.03,Baixa vazao,111.27865,107.31023,106.336464,112.062485
2020-10-01,107.79,Baixa vazao,104.56287,100.39203,100.89987,106.34601
2020-10-02,104.88,Baixa vazao,99.287575,94.6396,95.21994,102.047745
2020-10-03,102.0,Baixa vazao,95.22529,90.50246,91.31894,98.65489
2020-10-04,95.49,Baixa vazao,92.372246,88.2003,89.57383,96.09201
2020-10-05,96.1,Baixa vazao,90.15572,86.63806,87.52343,94.12227
2020-10-06,100.04,Baixa vazao,87.398094,85.6916,86.86133,91.46724
2020-10-07,91.12,Baixa vazao,85.23914,81.64431,82.38752,89.993256
2020-10-08,102.07,Baixa vazao,82.27375,77.53796,78.82569,87.49509
2020-10-09,98.04,Baixa vazao,83.438515,79.27831,82.12228,85.20317
2020-10-10,103.15,Baixa vazao,78.01268,77.11957,78.18933,84.611755
2020-10-11,99.5,Baixa vazao,65.79087,69.152664,70.632935,79.43785
2020-10-12,98.02,Baixa vazao,73.11883,72.05169,73.571465,81.53552
2020-10-13,101.35,Baixa vazao,250.41055,68.64618,70.54398,95.649536
2020-10-14,105.84,Baixa vazao,66.67115,68.23311,71.13457,77.25464
2020-10-15,105.27,Baixa vazao,107.795685,68.60738,69.59257,79.00656
2020-10-16,109.93,Baixa vazao,165.9127,130.80713,86.73942,130.22546
2020-10-17,109.52,Baixa vazao,172.7667,128.36745,89.64439,122.15312
2020-10-18,121.17,Baixa vazao,190.37617,116.33292,95.27918,353.68658
2020-10-19,122.48,Baixa vazao,108.116455,103.30516,88.868805,108.78943
2020-10-20,136.66,Baixa vazao,133.12329,87.17438,81.377075,168.57567
2020-10-21,132.53,Baixa vazao,139.9793,81.816864,78.77424,160.13246
2020-10-22,138.12,Baixa vazao,137.98409,107.643326,91.74157,158.01917
2020-10-23,144.92,Baixa vazao,102.189064,117.6494,91.24192,120.73064
2020-10-24,145.16,Baixa vazao,99.851166,105.44627,87.813934,129.67418
2020-10-25,153.02,Baixa vazao,187.67088,99.19457,90.34374,104.35953
2020-10-26,172.59,Normal,304.4261,184.85141,130.83835,370.47537
2020-10-27,190.67,Normal,350.70703,230.12166,175.05817,436.62817
2020-10-28,202.54,Normal,243.13924,225.33475,221.67912,186.04898
2020-10-29,195.69,Normal,264.71307,264.50165,245.98077,240.13434
2020-10-30,202.02,Normal,281.9323,224.6973,204.02852,265.83444
2020-10-31,255.33,Normal,276.85248,180.2502,170.77298,278.69107
2020-11-01,271.66,Normal,452.52994,188.71915,192.74103,458.40317
2020-11-02,246.58,Normal,274.91992,228.06564,235.11646,257.23322
2020-11-03,241.3,Normal,246.72726,248.13809,253.39249,254.36671
2020-11-04,241.26,Normal,315.3382,245.8939,240.85864,265.598
2020-11-05,271.35,Normal,384.79498,266.42297,278.00018,349.01443
2020-11-06,266.26,Normal,273.63892,276.15076,280.0863,281.6722
2020-11-07,242.19,Normal,261.12238,264.69217,269.66312,264.7193
2020-11-08,227.77,Normal,248.50615,235.29272,232.43095,252.82654
2020-11-09,211.39,Normal,281.5304,200.47751,201.36188,223.79105
2020-11-10,203.29,Normal,216.53728,185.36673,190.08875,212.79579
2020-11-11,195.81,Normal,247.27672,213.83392,226.58333,228.6692
2020-11-12,206.93,Normal,301.88995,278.46027,293.23688,232.79675
2020-11-13,214.24,Normal,314.88806,298.64868,285.98914,283.71603
2020-11-14,244.75,Normal,413.59225,285.78592,286.20447,359.74197
2020-11-15,275.92,Normal,470.1742,491.7016,473.85535,363.97195
2020-11-16,284.04,Normal,463.36487,516.663,524.6746,446.19998
2020-11-17,313.56,Normal,401.04922,488.65222,550.85547,401.89243
2020-11-18,382.82,Normal,437.0302,464.03528,481.2198,420.8116
2020-11-19,418.09,Normal,457.23907,491.29004,509.39413,397.0892
2020-11-20,415.09,Normal,445.9859,511.62042,538.53766,437.72086
2020-11-21,393.11,Normal,379.00635,450.03723,446.25446,418.16806
2020-11-22,370.75,Normal,328.99377,365.58157,370.8891,356.3574
2020-11-23,356.85,Normal,307.64172,320.9665,335.04797,327.45663
2020-11-24,325.81,Normal,275.23822,285.994,297.47443,282.0179
2020-11-25,296.82,Normal,385.29962,263.79706,273.9914,257.0743
2020-11-26,257.24,Normal,231.02507,257.85202,278.38745,238.66522
2020-11-27,247.29,Normal,252.28743,250.0555,264.0243,254.33902
2020-11-28,255.62,Normal,221.06633,224.203,235.71608,216.74274
2020-11-29,257.1,Normal,212.603,213.3612,225.55293,206.36104
2020-11-30,230.35,Normal,209.67775,202.65851,213.98201,198.92789
2020-12-01,221.26,Normal,197.96892,191.34015,202.74963,189.33151
2020-12-02,207.03,Normal,261.5083,186.44849,208.34967,185.78932
2020-12-03,202.45,Normal,257.62073,216.36816,220.16037,211.56049
2020-12-04,215.62,Normal,297.786,372.533,335.49915,314.144
2020-12-05,219.52,Normal,480.57227,447.24176,410.15485,415.73538
2020-12-06,281.58,Normal,348.77692,410.6281,390.78632,382.5446
2020-12-07,340.55,Normal,364.18506,357.72385,385.7921,346.6907
2020-12-08,358.63,Normal,430.70544,357.7848,377.64496,355.342
2020-12-09,355.85,Normal,426.8801,390.52032,460.2326,377.28036
2020-12-10,441.48,Normal,599.19495,462.00568,573.3082,432.26266
2020-12-11,478.49,Normal,642.93054,675.36804,884.01434,530.82526
2020-12-12,608.77,Normal,972.43115,831.0894,935.8837,927.9261
2020-12-13,710.61,Normal,902.9038,835.59247,911.1789,814.4217
2020-12-14,743.92,Normal,801.46857,921.226,873.8499,892.2225
2020-12-15,712.76,Normal,808.0857,827.56525,832.3037,737.1265
2020-12-16,687.07,Normal,732.03595,702.7319,712.80457,660.9782
2020-12-17,661.44,Normal,539.5423,552.7021,571.5121,530.4681
2020-12-18,586.4,Normal,620.7583,503.54633,519.69214,509.9643
2020-12-19,538.33,Normal,750.8861,510.56287,544.5645,544.1487
2020-12-20,485.33,Normal,718.6874,638.6451,711.9643,647.0131
2020-12-21,424.9,Normal,946.03284,827.09955,785.0605,993.722
2020-12-22,391.32,Normal,754.77295,816.2702,754.9086,820.44
2020-12-23,421.68,Normal,896.026,800.64575,795.7657,904.45917
2020-12-24,550.0,Normal,1158.9862,818.8454,852.24854,1141.2902
2020-12-25,817.6,Normal,1224.0323,1002.05084,1177.2041,1027.9808
2020-12-26,963.71,Alta vazao,1620.8634,1119.8586,1176.489,1567.675
2020-12-27,1009.12,Alta vazao,1426.0968,1424.8463,1142.6581,1492.8964
2020-12-28,1009.8,Alta vazao,1052.6382,1302.9763,1133.4235,1202.6116
2020-12-29,1044.81,Alta vazao,1055.424,1158.4491,1131.7959,1155.0724
2020-12-30,1028.69,Alta vazao,1066.4242,995.10223,1113.6466,979.30365
2020-12-31,1047.89,Alta vazao,1004.2322,980.81036,1058.3468,976.4294
2021-01-01,911.87,Alta vazao,971.1572,917.01074,930.2663,963.1747
2021-01-02,903.37,Alta vazao,887.96356,814.8847,839.8315,888.47565
2021-01-03,838.02,Normal,914.9177,823.8106,834.4565,841.7105
2021-01-04,802.67,Normal,922.0732,926.8823,1044.7688,807.1409
2021-01-05,768.67,Normal,1078.8585,1041.8611,1095.7272,941.1209
2021-01-06,759.14,Normal,969.23315,1071.5559,1028.1693,1022.1655
2021-01-07,745.39,Normal,880.9143,1012.51154,926.74286,928.8189
2021-01-08,775.7,Normal,864.2537,897.32587,772.4676,842.92194
2021-01-09,756.95,Normal,876.7815,850.9071,793.0368,815.5636
2021-01-10,768.5,Normal,965.36615,974.64746,967.32635,805.2464
2021-01-11,818.89,Normal,913.6803,950.6362,884.347,911.0173
2021-01-12,795.2,Normal,790.39526,836.669,809.9063,774.9867
2021-01-13,747.35,Normal,874.85474,868.3864,845.3449,775.4157
2021-01-14,760.31,Normal,799.30145,864.6275,816.03436,764.2319
2021-01-15,849.59,Normal,803.98816,819.4886,802.6897,696.501
2021-01-16,833.78,Normal,697.2427,825.1496,802.7624,731.65265
2021-01-17,920.81,Alta vazao,798.51044,843.99365,862.7735,765.2612
2021-01-18,1055.93,Alta vazao,770.09045,802.08014,812.32886,737.0526
2021-01-19,1094.35,Alta vazao,795.325,768.5339,779.4656,774.9068
2021-01-20,1037.33,Alta vazao,825.9617,710.96344,713.112,719.311
2021-01-21,975.76,Alta vazao,730.72284,664.30414,670.9338,684.06085
2021-01-22,866.5,Normal,651.34607,599.19904,612.1335,623.69946
2021-01-23,730.94,Normal,553.2397,544.84576,552.2931,571.0713
2021-01-24,582.33,Normal,522.08655,507.2907,512.79785,535.6973
2021-01-25,539.74,Normal,432.53992,425.85986,428.1911,446.71927
2021-01-26,503.63,Normal,376.38348,370.7959,371.79907,395.60678
2021-01-27,431.87,Normal,321.4492,324.10013,321.69214,344.1697
2021-01-28,393.91,Normal,304.6327,310.02267,307.33356,328.30362
2021-01-29,346.98,Normal,296.93695,300.2005,295.35376,319.23166
2021-01-30,331.02,Normal,285.21274,287.34857,282.51953,305.38617
2021-01-31,318.04,Normal,274.56927,276.6131,272.80005,291.82037
2021-02-01,319.04,Normal,268.50342,270.04108,265.72592,283.75546
2021-02-02,306.04,Normal,259.17496,257.3573,258.70172,272.59396
2021-02-03,300.06,Normal,259.8189,254.07224,267.2259,261.73517
2021-02-04,320.04,Normal,249.9879,253.56236,274.06934,257.9949
2021-02-05,299.06,Normal,256.07318,251.90881,274.87238,254.47646
2021-02-06,357.0,Normal,388.4485,272.74036,303.9574,308.08215
2021-02-07,546.81,Normal,535.79456,313.9803,350.68436,354.09457
2021-02-08,918.5,Alta vazao,653.5118,477.0813,600.3446,656.5097
2021-02-09,1236.44,Alta vazao,706.51855,681.3028,779.06006,689.9093
2021-02-10,1315.19,Alta vazao,630.1763,807.5064,692.78534,696.95844
2021-02-11,1095.38,Alta vazao,602.5708,671.45734,614.9128,528.316
2021-02-12,1008.58,Alta vazao,619.42334,631.6939,561.4709,528.17206
2021-02-13,1045.5,Alta vazao,703.9286,696.50214,713.2431,535.7677
2021-02-14,1079.69,Alta vazao,576.95154,634.74426,694.5513,543.3867
2021-02-15,1099.98,Alta vazao,531.99817,684.13306,811.9186,547.51556
2021-02-16,1193.96,Alta vazao,702.49866,723.2316,826.0149,683.977
2021-02-17,1253.61,Alta vazao,543.56287,659.1163,751.95825,587.61896
2021-02-18,1252.61,Alta vazao,683.6681,617.37115,657.5919,542.0361
2021-02-19,1266.5,Alta vazao,537.93494,604.11835,628.92065,520.4718
2021-02-20,1330.2,Alta vazao,687.988,744.37445,779.5744,585.0176
2021-02-21,1212.65,Alta vazao,949.74255,890.91956,875.21124,757.1026
2021-02-22,1212.65,Alta vazao,769.4229,901.7491,860.1474,802.69135
2021-02-23,1250.58,Alta vazao,858.8568,1051.7848,1065.4425,809.49115
2021-02-24,1233.18,Alta vazao,897.83307,1083.012,1058.8666,924.8196
2021-02-25,1194.92,Alta vazao,819.31,1018.07513,992.7763,864.83746
2021-02-26,1122.58,Alta vazao,915.2645,957.72125,919.4469,825.576
2021-02-27,1163.43,Alta vazao,854.8924,869.0562,802.7859,768.33496
2021-02-28,1181.87,Alta vazao,1072.4719,859.78784,830.6071,831.144
2021-03-01,1030.41,Alta vazao,1022.9636,923.06635,931.18964,957.88947
2021-03-02,915.04,Alta vazao,835.6825,994.0938,1001.46875,902.9758
2021-03-03,907.74,Alta vazao,793.75085,951.8787,964.2613,843.65985
2021-03-04,895.61,Alta vazao,770.89795,890.61194,878.77216,800.27734
2021-03-05,775.7,Normal,730.26605,827.48346,775.5931,766.58966
2021-03-06,665.44,Normal,701.1826,781.31287,702.2663,741.83
2021-03-07,588.6,Normal,838.5573,768.88214,707.5513,728.76654
2021-03-08,568.29,Normal,944.41675,805.7372,784.6849,748.29865
2021-03-09,587.6,Normal,1129.2106,1037.4955,1125.019,931.23676
2021-03-10,781.11,Normal,1257.7516,1145.8104,1184.5985,1170.7759
2021-03-11,917.29,Alta vazao,1148.8065,1131.4666,1175.2848,1063.8627
2021-03-12,968.11,Alta vazao,945.40027,1130.3867,1164.4408,997.7518
2021-03-13,969.04,Alta vazao,839.68066,1047.9111,1049.2386,913.14435
2021-03-14,871.96,Normal,805.1585,952.42303,928.0426,844.3648
2021-03-15,793.11,Normal,778.87006,848.66656,799.9262,766.9687
2021-03-16,676.33,Normal,693.1139,834.10785,787.34015,750.1215
2021-03-17,618.23,Normal,681.00684,805.5693,745.56635,742.63007
2021-03-18,578.22,Normal,653.23193,766.1742,703.5725,711.88824
2021-03-19,539.33,Normal,623.8853,719.8044,646.17535,681.6783
2021-03-20,485.91,Normal,606.3276,691.0335,611.2863,656.3679
2021-03-21,459.65,Normal,594.12805,674.0985,602.71185,641.8194
2021-03-22,420.67,Normal,605.9812,647.3514,593.8552,620.9964
2021-03-23,401.22,Normal,567.3299,623.2514,567.0867,608.8055
2021-03-24,400.11,Normal,564.10284,592.338,541.05804,589.823
2021-03-25,381.87,Normal,497.60577,540.3711,490.74536,535.0217
2021-03-26,381.8,Normal,474.93423,520.0347,475.28433,519.3473
2021-03-27,342.89,Normal,543.5086,499.4276,468.55762,492.3627
2021-03-28,304.0,Normal,517.5741,486.85367,453.71893,484.21365
2021-03-29,284.56,Normal,435.39285,457.92902,428.0313,458.9649
2021-03-30,284.56,Normal,403.7187,441.7464,419.98932,428.91815
2021-03-31,265.11,Normal,515.5864,439.9846,408.6803,431.27316
2021-04-01,273.15,Normal,422.64346,423.09427,389.87408,421.11276
2021-04-02,292.64,Normal,366.16345,412.11823,381.69238,407.65298
2021-04-03,292.74,Normal,436.4284,401.0575,369.535,449.249
2021-04-04,291.69,Normal,376.17566,396.22366,366.82394,403.26132
2021-04-05,292.67,Normal,398.18176,394.02747,368.885,396.9147
2021-04-06,273.22,Normal,379.14288,384.11664,358.72833,387.13797
2021-04-07,253.78,Normal,360.83466,386.13995,361.3857,387.65765
2021-04-08,253.69,Normal,499.82065,377.62643,352.65735,384.96487
2021-04-09,251.85,Normal,351.8755,370.6772,348.33044,378.26443
2021-04-10,263.52,Normal,346.62335,366.6878,344.62982,372.40186
2021-04-11,254.78,Normal,343.2585,357.25964,333.6237,369.73114
2021-04-12,257.78,Normal,333.539,342.97296,321.81665,358.5898
2021-04-13,254.7,Normal,327.49445,334.42267,317.25037,351.42953
2021-04-14,245.11,Normal,318.3508,323.07916,307.818,340.92374
2021-04-15,235.36,Normal,312.9712,313.3186,297.62897,334.74976
2021-04-16,216.89,Normal,303.33307,302.84314,289.01163,323.12213
2021-04-17,216.8,Normal,297.57056,297.23834,284.87427,316.15244
2021-04-18,216.98,Normal,290.4426,290.6128,279.9984,307.87076
2021-04-19,215.89,Normal,299.49628,287.45,277.45044,317.52618
2021-04-20,216.89,Normal,290.3353,279.5517,271.47272,298.28845
2021-04-21,216.82,Normal,276.7765,273.7649,266.72473,290.57944
2021-04-22,207.24,Normal,268.6417,263.88995,260.79367,280.45068
2021-04-23,207.17,Normal,263.6289,256.6372,257.70728,273.50085
2021-04-24,198.33,Normal,255.60927,249.01836,250.71516,263.77045
2021-04-25,198.56,Normal,244.5036,240.72559,240.9542,251.33063
2021-04-26,198.44,Normal,232.32591,230.6572,230.22244,238.35689
2021-04-27,188.62,Normal,232.05327,232.96936,235.64365,237.733
2021-04-28,188.83,Normal,233.44772,229.95514,233.96777,237.94115
2021-04-29,188.72,Normal,223.1513,223.89874,227.7167,224.76105
2021-04-30,178.9,Normal,214.92854,217.80872,219.75423,218.33618
2021-05-01,190.66,Normal,207.26086,210.09554,212.29088,209.88907
2021-05-02,186.08,Normal,201.01718,205.64407,208.61432,202.57843
2021-05-03,185.15,Normal,194.88512,200.66782,203.31659,195.9126
2021-05-04,175.39,Normal,186.65967,192.18903,192.73238,186.51886
2021-05-05,175.39,Normal,177.44069,182.04462,181.00314,176.67032
2021-05-06,175.39,Normal,175.10881,175.9649,174.46297,170.76205
2021-05-07,183.06,Normal,169.97948,174.00601,172.5318,168.46896
2021-05-08,185.16,Normal,168.93683,172.77551,170.97307,167.49402
2021-05-09,185.0,Normal,167.32222,172.15991,171.18533,165.35759
2021-05-10,156.06,Normal,163.45015,167.66586,165.55109,161.92746
2021-05-11,136.41,Baixa vazao,162.32953,165.34344,164.03503,160.64828
2021-05-12,131.59,Baixa vazao,159.62556,161.25333,160.70233,157.9273
2021-05-13,137.45,Baixa vazao,156.87587,157.79665,158.07866,154.87476
2021-05-14,126.82,Baixa vazao,153.23561,154.16461,154.94658,151.22986
2021-05-15,132.87,Baixa vazao,152.73705,153.62007,154.66241,150.72375
2021-05-16,135.26,Baixa vazao,151.65172,152.79282,154.54788,148.63162
2021-05-17,128.78,Baixa vazao,152.424,154.91919,156.89145,149.79622
2021-05-18,131.17,Baixa vazao,154.7902,156.80792,159.10588,151.40958
2021-05-19,125.77,Baixa vazao,151.72826,155.63297,157.54698,149.2718
2021-05-20,125.46,Baixa vazao,152.01115,155.9266,156.28773,149.835
2021-05-21,123.13,Baixa vazao,149.29381,152.64319,154.57756,146.87167
2021-05-22,126.15,Baixa vazao,146.35121,148.59615,149.33061,144.55908
2021-05-23,125.53,Baixa vazao,142.485,144.17096,146.0005,140.9635
2021-05-24,132.79,Baixa vazao,135.25179,143.30685,145.06409,140.10294
2021-05-25,143.89,Baixa vazao,139.10071,140.86212,142.86372,137.43344
2021-05-26,148.75,Baixa vazao,139.602,141.43106,143.35571,137.83154
2021-05-27,146.32,Baixa vazao,145.41154,147.42444,151.41809,141.87259
2021-05-28,150.62,Baixa vazao,144.53879,147.91718,151.35286,140.87912
2021-05-29,150.74,Baixa vazao,145.77303,149.14713,151.5341,141.92981
2021-05-30,152.24,Baixa vazao,142.13405,143.60703,145.04445,139.29834
2021-05-31,145.78,Baixa vazao,144.17015,147.28409,150.92502,140.00797
2021-06-01,143.26,Baixa vazao,180.95808,145.81342,147.54396,140.01619
2021-06-02,138.64,Baixa vazao,153.7498,149.70682,154.7721,138.29823
2021-06-03,141.26,Baixa vazao,150.43118,164.54967,171.5121,144.11165
2021-06-04,154.45,Baixa vazao,168.41536,204.12842,216.92711,156.39261
2021-06-05,154.45,Baixa vazao,185.61003,214.96243,212.95673,182.91519
2021-06-06,162.24,Normal,168.74947,188.06543,189.26385,164.23709
2021-06-07,158.51,Normal,158.87,172.35477,175.51372,153.89111
2021-06-08,145.26,Baixa vazao,150.49883,161.26535,164.49304,145.84055
2021-06-09,145.38,Baixa vazao,147.55684,157.31593,161.33748,142.4787
2021-06-10,140.75,Baixa vazao,145.0103,152.74734,156.81573,140.29587
2021-06-11,138.83,Baixa vazao,142.61067,150.97447,155.96637,137.9563
2021-06-12,136.89,Baixa vazao,144.58011,151.4213,156.18826,137.8205
2021-06-13,129.99,Baixa vazao,142.37175,151.15689,156.06197,137.57887
2021-06-14,133.77,Baixa vazao,138.88417,147.27551,151.52356,134.5091
2021-06-15,127.98,Baixa vazao,136.71303,144.68045,149.8107,132.35976
2021-06-16,121.47,Baixa vazao,136.26099,144.87402,149.81126,131.92886
2021-06-17,121.28,Baixa vazao,137.29167,145.2437,149.12997,133.1868
2021-06-18,118.19,Baixa vazao,135.42967,141.4875,145.89832,131.47296
2021-06-19,117.41,Baixa vazao,136.27695,142.50052,148.61525,131.31683
2021-06-20,113.17,Baixa vazao,134.02647,140.7248,146.90787,129.19753
2021-06-21,113.57,Baixa vazao,132.88037,139.14096,144.39981,128.42941
2021-06-22,106.67,Baixa vazao,130.3361,137.7959,143.28381,125.853516
2021-06-23,105.06,Baixa vazao,129.4773,136.17902,140.07831,125.785095
2021-06-24,108.3,Baixa vazao,123.62385,129.96315,134.04393,121.155594
2021-06-25,101.89,Baixa vazao,118.31077,124.45832,127.103775,117.553406
2021-06-26,105.13,Baixa vazao,116.54919,122.67424,125.76868,116.09471
2021-06-27,99.81,Baixa vazao,114.53705,120.356476,123.62317,114.45416
2021-06-28,99.81,Baixa vazao,113.30704,119.144615,122.773,113.38475
2021-06-29,88.0,Baixa vazao,110.69725,117.1379,120.31956,111.51605
2021-06-30,93.24,Baixa vazao,110.45242,117.42627,121.38211,111.120224
2021-07-01,90.62,Baixa vazao,110.67776,118.3028,121.75999,111.3329
2021-07-02,88.5,Baixa vazao,109.28481,114.65567,117.92225,110.643295
2021-07-03,91.96,Baixa vazao,106.10291,112.855095,117.588066,107.65259
2021-07-04,89.88,Baixa vazao,107.33368,114.0484,117.905464,108.924866
2021-07-05,81.31,Baixa vazao,107.3096,113.208145,117.48235,108.8837
2021-07-06,72.82,Baixa vazao,106.68275,112.62793,116.85584,108.35019
2021-07-07,74.91,Baixa vazao,106.65581,112.58543,116.762886,108.148865
2021-07-08,78.15,Baixa vazao,107.039116,112.91298,118.07328,107.73633
2021-07-09,69.58,Baixa vazao,104.748314,110.66463,115.86713,105.86005
2021-07-10,68.73,Baixa vazao,103.56966,109.53197,114.91954,104.820786
2021-07-11,73.58,Baixa vazao,102.16041,108.6595,113.935905,103.79085
2021-07-12,68.33,Baixa vazao,103.27833,109.79691,114.36305,104.82359
2021-07-13,70.82,Baixa vazao,104.74254,110.72316,115.187126,105.84508
2021-07-14,74.3,Baixa vazao,105.044334,111.070946,116.22548,105.317566
2021-07-15,74.49,Baixa vazao,103.556984,109.4722,116.18905,103.78433
2021-07-16,65.28,Baixa vazao,103.2167,107.27089,113.24779,104.086365
2021-07-17,64.07,Baixa vazao,97.29403,100.91018,107.74535,99.70192
2021-07-18,67.34,Baixa vazao,96.25436,102.48287,109.602554,98.56064
2021-07-19,70.26,Baixa vazao,95.062416,100.37067,105.26504,98.66008
2021-07-20,77.67,Baixa vazao,95.0323,98.94426,104.45335,98.353745
2021-07-21,78.67,Baixa vazao,89.99949,95.63953,102.33486,93.83589
2021-07-22,75.89,Baixa vazao,95.82782,101.783676,108.53888,98.118774
2021-07-23,71.33,Baixa vazao,94.13979,99.20848,105.25886,97.091385
2021-07-24,71.33,Baixa vazao,92.09226,96.2612,103.05373,95.460205
2021-07-25,66.7,Baixa vazao,88.52993,92.42609,99.099106,92.898834
2021-07-26,68.56,Baixa vazao,88.195274,92.73073,99.38398,92.40721
2021-07-27,63.84,Baixa vazao,89.8523,95.227394,102.41539,93.38704
2021-07-28,52.73,Baixa vazao,89.78671,95.11981,101.45153,93.68161
2021-07-29,47.56,Baixa vazao,85.92556,91.54496,97.35193,91.02399
2021-07-30,47.64,Baixa vazao,84.67298,90.78075,97.02061,90.17589
2021-07-31,52.66,Baixa vazao,85.44462,90.21001,95.69167,91.1723
2021-08-01,53.84,Baixa vazao,82.98557,87.61069,93.9021,88.91707
2021-08-02,46.37,Baixa vazao,80.89399,85.76474,91.875404,87.1281
2021-08-03,46.91,Baixa vazao,80.39764,85.29776,91.780106,86.43175
2021-08-04,51.07,Baixa vazao,79.81639,83.9935,90.31696,86.18112
2021-08-05,50.15,Baixa vazao,85.809814,92.558716,100.38872,89.23636
2021-08-06,53.39,Baixa vazao,86.72683,93.49759,100.54142,90.30217
2021-08-07,50.59,Baixa vazao,83.951515,90.16893,96.888664,88.38396
2021-08-08,51.69,Baixa vazao,83.43736,89.61165,96.19145,88.071335
2021-08-09,53.84,Baixa vazao,82.54003,88.592575,94.89529,87.29953
2021-08-10,50.6,Baixa vazao,80.49101,86.79923,93.45728,85.27617
2021-08-11,50.68,Baixa vazao,80.47831,86.800354,93.35761,85.27617
2021-08-12,63.56,Baixa vazao,82.61317,89.64524,96.82498,86.29779
2021-08-13,63.41,Baixa vazao,100.617,109.30994,122.97137,97.78848
2021-08-14,67.11,Baixa vazao,81.09046,88.80807,96.15812,85.3801
2021-08-15,64.92,Baixa vazao,82.932304,89.39519,96.44416,86.946625
2021-08-16,64.74,Baixa vazao,79.063255,85.18246,92.35539,83.954254
2021-08-17,57.0,Baixa vazao,76.132576,82.72844,90.00499,81.900375
2021-08-18,48.9,Baixa vazao,98.49294,100.81321,110.80694,83.85603
2021-08-19,48.84,Baixa vazao,104.29465,105.80769,107.25431,98.717026
2021-08-20,49.81,Baixa vazao,81.7185,92.48323,98.25655,86.187775
2021-08-21,51.73,Baixa vazao,76.68505,90.78193,96.4076,83.001724
2021-08-22,51.0,Baixa vazao,82.72572,93.41712,96.51794,88.48477
2021-08-23,49.84,Baixa vazao,75.62904,85.227684,90.01812,82.778015
2021-08-24,51.84,Baixa vazao,72.0711,79.733826,84.278854,80.18356
2021-08-25,50.84,Baixa vazao,68.299576,75.96964,81.83933,76.87718
2021-08-26,52.08,Baixa vazao,67.18424,73.469246,79.043045,76.41644
2021-08-27,48.54,Baixa vazao,68.92666,76.74164,83.781555,76.37074
2021-08-28,57.48,Baixa vazao,70.2463,77.46395,84.05102,77.42828
2021-08-29,58.41,Baixa vazao,71.20458,77.33064,84.48605,77.76631
2021-08-30,49.84,Baixa vazao,66.77894,72.06659,79.78707,74.80397
2021-08-31,45.68,Baixa vazao,65.119545,70.15128,78.01997,73.52072
2021-09-01,48.35,Baixa vazao,65.7194,71.38141,79.50946,73.77463
2021-09-02,49.26,Baixa vazao,65.698875,72.22863,81.01274,73.203
2021-09-03,43.0,Baixa vazao,65.08464,71.04692,79.22286,73.52615
2021-09-04,47.24,Baixa vazao,68.13898,75.0689,83.50132,75.176926
2021-09-05,44.32,Baixa vazao,67.20379,73.37934,81.362495,74.99666
2021-09-06,40.95,Baixa vazao,66.26493,71.94344,80.105736,74.48508
2021-09-07,43.72,Baixa vazao,63.40918,68.76783,76.6522,72.98512
2021-09-08,43.54,Baixa vazao,61.913227,66.52765,74.22329,72.276764
2021-09-09,42.59,Baixa vazao,59.466663,63.921577,72.282486,70.53165
2021-09-10,43.81,Baixa vazao,56.430607,61.433006,69.87506,68.19574
2021-09-11,39.79,Baixa vazao,56.029034,61.256664,69.92798,67.6637
2021-09-12,38.58,Baixa vazao,49.393394,61.620186,70.20009,68.13428
2021-09-13,40.33,Baixa vazao,51.535233,56.441277,65.05061,64.97342
2021-09-14,41.98,Baixa vazao,62.236027,55.484074,64.10549,63.30173
2021-09-15,42.74,Baixa vazao,48.519894,55.49178,64.10075,62.529144
2021-09-16,37.59,Baixa vazao,52.277523,59.667908,68.95633,64.7406
2021-09-17,42.74,Baixa vazao,57.374935,64.40513,74.08003,67.68826
2021-09-18,42.67,Baixa vazao,52.644855,59.542065,68.7259,64.976685
2021-09-19,40.58,Baixa vazao,51.461296,58.305656,67.29342,64.21294
2021-09-20,43.0,Baixa vazao,55.27049,62.130142,71.47347,66.03175
2021-09-21,42.06,Baixa vazao,52.95808,60.394432,69.442406,64.283875
2021-09-22,42.95,Baixa vazao,48.058556,55.24854,63.767723,61.461407
2021-09-23,43.08,Baixa vazao,47.472504,54.540314,63.57067,60.94727
2021-09-24,42.5,Baixa vazao,46.424274,52.378105,61.227238,60.476685
2021-09-25,40.08,Baixa vazao,43.85148,50.557926,59.767323,58.294567
2021-09-26,44.8,Baixa vazao,42.365276,49.392975,58.96685,56.909393
2021-09-27,44.96,Baixa vazao,114.4085,45.028866,53.787277,75.70621
2021-09-28,52.14,Baixa vazao,47.366882,44.08126,52.681366,67.485504
2021-09-29,52.67,Baixa vazao,39.72365,49.777077,59.671074,62.733128
2021-09-30,49.96,Baixa vazao,46.981937,56.1168,60.20388,71.03256
