feature,mean_abs_shap
Q_40100000,155.144388428802
Q_40330000,67.32552499500785
Q_40850000,63.13866636814491
Q_40930000,34.70097794373614
Q_40060001,30.64056728247286
P_1944063,14.2373305675403
P_1945008,12.622326218659065
P_1945002,10.201337080029212
Q_40800001,6.8866543393208905
Q_40032000,6.653535139193969
P_1944059,3.6465195632135163
P_2044008,2.807467427465289
P_2044016,2.462617706642338
P_1946000,2.4510659373527264
P_2046013,2.0457394017884756
P_2044042,0.9450372785260452
P_2045002,0.9233518373729626
P_2044024,0.6031774919995407
Q_40185000,0.24955040059553862
Q_40050000,0.1224477525842472
