feature,mutual_information
Q_40100000,1.1099683400384537
Q_40050000,1.0462732341304326
Q_40185000,1.0449777478764375
Q_40850000,1.0262603006828526
Q_40330000,0.9853280571970311
Q_40800001,0.9690381214143677
Q_40930000,0.9093578596033742
Q_40060001,0.856748864488809
Q_40032000,0.7821285255581083
P_1945002,0.10840609975462012
P_1944063,0.09914572942752908
P_2046013,0.09415886863419054
P_2044016,0.09271391236242366
P_2044024,0.08447372913986584
P_2044008,0.07812004683139318
P_1944059,0.07687516207220879
P_1946000,0.07642223710347862
P_1945008,0.07527414258911236
P_2045002,0.07521232170104053
P_2044042,0.07388846908241176
