feature,abs_correlation,signed_correlation
Q_40100000,0.8712275085480445,0.8712275085480445
Q_40050000,0.8556245467833918,0.8556245467833918
Q_40330000,0.833686863707511,0.833686863707511
Q_40060001,0.7966048676343291,0.7966048676343291
Q_40850000,0.7943588880042951,0.7943588880042951
Q_40800001,0.7751784797363833,0.7751784797363833
Q_40930000,0.7717981608480926,0.7717981608480926
Q_40185000,0.7551950508374323,0.7551950508374323
Q_40032000,0.7189865130529797,0.7189865130529797
P_1945002,0.3842103360946526,0.3842103360946526
P_1944063,0.36181744645729735,0.36181744645729735
P_1944059,0.356199237833889,0.356199237833889
P_2046013,0.3476779456574302,0.3476779456574302
P_2044024,0.3453268537969669,0.3453268537969669
P_2044016,0.3380474486550458,0.3380474486550458
P_2045002,0.33608174948546526,0.33608174948546526
P_1945008,0.335172190751368,0.335172190751368
P_2044008,0.33270877815766503,0.33270877815766503
P_1946000,0.32532382402456744,0.32532382402456744
P_2044042,0.3186241430889391,0.3186241430889391
