regime,feature,mean_abs_shap
Alta vazao,Q_40100000,416.1789525704744
Alta vazao,Q_40330000,121.68041590134695
Alta vazao,Q_40850000,117.21558793520867
Alta vazao,Q_40930000,100.08482833555789
Alta vazao,Q_40060001,67.25951783917189
Baixa vazao,Q_40100000,182.7222811639977
Baixa vazao,Q_40330000,70.06281614492967
Baixa vazao,Q_40850000,61.768461579984105
Baixa vazao,Q_40060001,34.311148111263
Baixa vazao,Q_40930000,28.908686644710986
Normal,Q_40100000,94.664314728216
Normal,Q_40330000,40.044577778051064
Normal,Q_40850000,35.251886319153755
Normal,Q_40930000,26.310106853554725
Normal,Q_40060001,19.91132197603779
